id,company,active
19812,Voolia,true
58690,Bubbletube,false
91431,Jayo,false
73152,Feedmix,false
13239,Yoveo,true
22533,Wikibox,false
85373,Jayo,false
21034,Twinte,true
96675,Divape,true
41212,Twimbo,false
68565,Rhycero,true
22552,BlogXS,true
39528,Edgetag,false
38755,Mycat,true
29744,Edgewire,true
32076,Babblestorm,false
61353,Feedfire,true
67370,Voonte,false
11202,Eare,false
15371,Yakitri,true
61529,Innotype,true
4741,Youopia,false
4976,Wikizz,true
78620,Cogidoo,true
64493,Dabvine,false
91828,Rhyzio,false
89934,Fliptune,false
99588,Gabtype,true
10219,Yamia,false
82477,Yotz,false
47537,Flashdog,false
46045,Skyba,false
39522,Topicshots,false
68380,Quimm,false
77991,Plajo,false
46581,Chatterbridge,false
16532,Fliptune,false
6035,Meeveo,false
77695,Meevee,true
28708,Quinu,false
9008,Podcat,true
15227,Quinu,false
59287,Agivu,false
38644,Flashspan,false
3097,Twimm,true
31761,Vinte,false
75917,Plambee,false
61530,Mybuzz,false
72341,Zazio,true
2054,Browsedrive,true
26306,Trunyx,true
41548,Yakitri,false
41828,Meedoo,true
32895,Myworks,false
97583,Dynabox,true
40238,Yabox,false
46910,Cogidoo,false
56107,Myworks,false
22906,Teklist,false
63621,Yotz,false
42812,Mymm,true
40373,Feedspan,false
94493,Skiptube,true
70031,Fliptune,false
75684,Innojam,false
50487,Livetube,true
52841,Photobug,true
93050,Vinte,false
24487,Mudo,false
91,Nlounge,true
45399,Kwideo,false
15326,Blogtag,false
94514,Lazz,false
61211,Divanoodle,true
69825,Npath,false
22986,Gigashots,true
46367,Flashset,false
9313,Oodoo,false
77988,Kwideo,true
42333,Mudo,false
97900,Yadel,false
20416,Pixoboo,false
25632,Jetwire,true
69413,Jatri,true
74782,Yabox,false
58892,Gigashots,true
31960,Agimba,false
72355,Voomm,true
5763,Youspan,true
54433,Kwilith,true
96015,Photojam,false
57682,Yombu,true
7889,Gigazoom,true
77570,Livepath,false
45959,Realcube,true
8246,Voomm,true
39967,Browseblab,false
2275,Flipopia,true
82428,Zoombeat,true
14006,Rhyloo,true
72386,Linktype,false
47302,Devpoint,false
41700,Gigabox,false
56618,Podcat,false
84868,Twitterbridge,false
93916,Photobean,true
68578,Flipbug,false
33790,Innojam,true
14487,Myworks,false
43575,Viva,true
32384,Divanoodle,true
70469,Yata,true
56355,Tagchat,true
30365,Rhycero,false
53593,Edgetag,false
62746,Browsetype,true
55127,Dynazzy,false
67218,Brightdog,true
95339,Flipstorm,false
40469,Dynazzy,true
55650,Lazz,false
29386,Oyoyo,true
54603,Meejo,false
1613,Gabtype,true
5252,Topicshots,false
33367,Twitterlist,false
60399,Pixoboo,false
73234,Gabtune,true
76677,Mita,false
78601,Kwimbee,false
43816,Youtags,true
22777,Divape,false
79547,Jaxspan,true
50493,Dazzlesphere,true
49716,Vitz,false
97291,Trilith,true
38648,Cogilith,true
11570,Zoomlounge,false
33938,Skajo,true
96052,Fivechat,true
49815,Voonte,true
83433,Twitterwire,false
14582,Fivespan,true
64437,Roomm,false
12383,Skidoo,true
29842,Jaxnation,false
90098,Shuffledrive,false
91291,Linktype,true
79010,Edgeify,true
58773,Vipe,true
78727,Flipstorm,true
25471,Gabvine,true
78683,Kamba,true
49817,Trilith,true
72680,Talane,true
47860,Meetz,true
97178,Thoughtblab,false
61644,Rooxo,false
83200,Geba,false
82589,Blogtags,false
25807,Linkbuzz,false
90440,Kimia,true
21967,Yakidoo,false
46619,Yakidoo,true
62853,Katz,true
40728,Oyope,true
80904,Photobean,false
70838,Roombo,true
88962,Twiyo,false
33641,Voonte,true
4148,Realbuzz,false
42711,Feedbug,true
81795,Jabberstorm,false
31030,Vinder,false
79266,Gigaclub,false
6495,Oyondu,false
26059,Layo,true
42880,Camimbo,true
18007,Pixope,false
981,Jetwire,true
47252,Topicware,true
69584,Twimm,false
51052,Vidoo,true
91247,Blogspan,true
53816,Skynoodle,true
11265,Voomm,false
90535,Tavu,false
2538,Twiyo,true
1084,Yodo,true
82663,Tagopia,true
59856,Tanoodle,false
12197,Youspan,true
15858,Meevee,false
9550,Youbridge,false
46790,Centizu,false
78019,Zava,true
98669,Yambee,false
88549,Blogtags,false
94348,Skilith,true
44397,Izio,false
50504,Shufflebeat,true
76881,Realblab,false
18493,Midel,true
38568,Devcast,false
45488,Photobug,true
2800,Myworks,false
18044,Zoozzy,true
81894,Flashset,true
27327,Kazu,false
90371,Meembee,true
89407,Meemm,true
4705,Devcast,false
23327,Oyoyo,false
3057,Tanoodle,false
9626,Topiczoom,false
42170,Thoughtstorm,true
61857,Yambee,false
67361,Tambee,false
47863,Jabbertype,true
24902,Agivu,true
82100,Wikizz,false
80307,Kamba,true
15017,Eayo,false
59539,Edgeblab,true
30643,Jaxnation,false
13148,Thoughtstorm,true
52458,Realbuzz,false
41891,Skinte,false
87936,Eazzy,false
6756,DabZ,true
48276,Meeveo,true
34799,Brainsphere,true
71094,Devbug,true
25271,Wordify,true
696,Roodel,true
64859,Gigashots,false
73417,Flashspan,false
66605,Mita,false
11110,Jaloo,true
89888,Kwilith,false
65655,Quatz,false
20376,Youfeed,false
64167,Yacero,false
7313,Eimbee,false
12878,Tagpad,true
39028,Flipstorm,true
48866,Realcube,true
3659,Innotype,true
88500,Feedmix,true
28721,Babbleset,true
26086,Voonix,false
51797,Ntags,false
56242,Zooxo,true
71725,Fanoodle,false
47360,Gigazoom,false
86032,Latz,false
6613,Skyvu,true
44825,Trupe,false
2126,Trunyx,false
64979,Trilia,true
46157,Zoonoodle,false
90516,Demimbu,false
66430,Yata,false
54075,Skyndu,true
7956,JumpXS,false
81115,Katz,true
95110,Topicstorm,false
7264,Latz,false
9978,Tanoodle,true
14744,Rhynyx,true
58209,Tanoodle,true
59577,Oozz,false
76038,Yozio,true
36929,Twitterlist,false
9507,Talane,true
68327,Oba,false
44336,Yata,true
34122,Devcast,false
80920,Topdrive,true
55853,Rhyloo,false
57854,Quatz,false
7285,Thoughtworks,false
36605,Skiptube,true
18276,Devpoint,false
13453,Photolist,true
14686,Oba,true
97629,Aimbu,false
5557,Rhynyx,true
74790,Topicware,true
85250,Feedspan,true
35530,Fatz,true
65330,DabZ,true
69297,Flashspan,true
23243,LiveZ,true
78654,Eabox,true
49205,Topicshots,false
41809,Ntag,false
48784,Jaloo,true
90853,Mydo,false
41525,Babblestorm,true
96239,Kare,true
35174,Oyonder,true
87300,Skaboo,false
31644,Kazio,true
18455,Pixoboo,true
17763,Skyndu,false
42250,Dazzlesphere,false
39933,Zoomzone,false
86444,Yambee,true
43410,Vimbo,true
29168,Zoomlounge,true
58691,Kazio,true
80155,Tagtune,true
42560,Babbleopia,false
60920,Browseblab,true
14025,Dynava,false
35437,Youfeed,false
4997,Zoovu,true
96553,Cogibox,true
26765,Skipstorm,false
4477,Bubbletube,true
23591,Dabfeed,false
18344,Feednation,true
33862,Livetube,true
5285,Dazzlesphere,true
50897,Einti,false
56148,Riffwire,true
10697,Dabvine,false
5388,Npath,true
47344,Devcast,true
5310,Abata,false
34597,Zoozzy,false
31309,Fivespan,true
6440,Zoombox,true
58973,Meejo,true
64820,Topiczoom,true
37654,Livetube,true
19258,Yamia,true
38302,Tagcat,false
51575,Quatz,false
94454,Minyx,true
92301,Brainlounge,false
23017,Yodo,false
59220,Skinix,false
36825,Kwilith,false
6475,Yodel,false
6596,Skidoo,true
91013,Centimia,false
72414,Jaxworks,false
18236,Tekfly,true
5859,Janyx,true
21796,Tagchat,true
84468,Livetube,false
50512,Youopia,false
42476,Avaveo,true
55854,Riffpath,false
39477,Flashpoint,true
63467,Innotype,false
71121,Centimia,false
72784,Riffpath,true
96803,Jaxnation,true
99083,Meejo,false
90035,Babbleopia,false
4153,Demizz,true
61326,Chatterbridge,false
42526,Thoughtmix,true
99653,Leexo,true
24092,Npath,false
9634,Livepath,false
18107,Trupe,false
10030,Photofeed,true
80849,Myworks,false
82317,Dabshots,false
38783,Flipstorm,false
31978,Aimbo,false
77262,Tagtune,false
1953,Trunyx,true
69515,Dabfeed,true
99379,Yotz,true
40591,Voonder,true
54892,Wordware,true
58938,Trudoo,false
65,Photobean,false
12247,Skyba,true
31659,Quinu,false
65807,Thoughtsphere,false
62486,Yakijo,false
82879,Dabtype,false
67786,Babbleset,true
30555,Dynabox,false
76926,Fadeo,false
20953,Mynte,true
55531,Jaxbean,true
65855,Trudeo,false
99510,Zoomdog,false
84100,Innojam,false
16433,Quatz,true
72376,Realpoint,true
44529,Mudo,false
32287,Yoveo,true
3788,Brightbean,true
23159,Dabfeed,true
29074,Viva,false
38901,Brightdog,true
97631,Skiba,true
64535,Avamm,true
74450,Jaxspan,false
96247,Wikizz,true
82991,Dynava,false
36991,Twitterbeat,true
96914,Tagchat,false
32690,Aibox,false
58284,Livetube,true
79503,Oloo,true
83125,Lazzy,false
95111,Eayo,true
13711,Youopia,false
86123,Meemm,true
49542,Jaxbean,false
7954,Yakidoo,false
8549,Lazz,true
13314,Skinte,false
9244,Feednation,true
77233,Leexo,true
39340,Edgetag,false
49719,Yabox,true
92057,Snaptags,true
67371,Camimbo,false
80072,Fiveclub,false
23720,Flipbug,false
28798,Babbleopia,true
42760,Gabtune,true
15333,Chatterpoint,true
94747,Omba,true
86725,Yotz,false
24714,Reallinks,true
56275,Cogidoo,true
52464,Tambee,false
35379,Oyoloo,false
57534,Agimba,true
62988,Tavu,false
46103,Blogspan,false
92928,Lazzy,false
37651,Feedfire,true
57710,Demizz,false
11829,Youspan,true
86645,Jabberbean,false
78836,Wikizz,true
21036,Quatz,true
8203,Skynoodle,true
48752,Rhybox,true
53303,Eimbee,true
63837,Wikizz,true
94549,Geba,false
84290,Jetpulse,false
99644,Realbuzz,false
11043,Thoughtbeat,true
32355,Thoughtsphere,true
92088,Trudeo,true
13389,Zoomzone,false
10707,Trudoo,false
42668,Yata,false
9842,Viva,false
49440,Jaxbean,true
82533,Gigazoom,true
71075,Meevee,false
83298,Edgetag,false
61111,Gigazoom,true
11580,Kamba,true
22995,Skinder,true
36622,Fivespan,false
87013,Latz,true
33510,Shuffletag,true
16146,Skipstorm,true
86210,Yakijo,true
12942,Flashdog,false
68266,Voomm,true
39971,Ozu,false
38964,Dabshots,false
64329,Centizu,false
74211,Yodo,true
98542,Voomm,true
42227,Kwideo,false
33903,Kamba,false
39360,Yodoo,false
61669,Tagopia,false
4138,Twitterworks,false
68912,Ntags,false
92029,Muxo,true
2311,Zoonder,true
80738,Tavu,true
60418,Fatz,true
51481,Dabtype,true
91677,Avamm,false
1308,Twinte,false
96704,Quimba,true
3787,Eamia,true
81316,Realfire,true
29463,Izio,true
22324,Tekfly,true
38803,Skilith,false
15064,Jaxspan,true
36617,Yambee,false
72204,Aimbu,false
65866,Yambee,false
71670,Flipbug,true
42687,Reallinks,true
53041,Fivebridge,true
76519,Tavu,true
53881,Eimbee,true
16740,Skyvu,false
9603,Kayveo,true
20465,Skajo,false
62875,Tavu,true
21549,Babblestorm,true
1954,Kwimbee,false
48812,Jaxspan,false
83294,Tanoodle,true
55738,Jayo,true
25671,Cogibox,false
49801,Topiclounge,true
87698,Izio,true
51809,Twinder,false
74505,Zoonoodle,false
7147,Minyx,true
1890,Voomm,true
40332,Oba,false
11911,Kazu,false
29476,Gabcube,true
74727,Chatterpoint,true
54702,Kayveo,false
17163,Topicstorm,true
84159,Mybuzz,true
12557,Tagcat,false
33528,Innojam,true
72057,Photolist,false
28639,Mydo,false
37712,Teklist,true
14326,Zoonder,true
94053,Yakitri,true
48524,Kaymbo,false
95558,Leenti,false
53202,Lazz,false
75378,Shufflester,false
924,Yodel,false
18381,Geba,true
35769,Kaymbo,true
896,Innojam,false
36049,Tekfly,true
12331,Kare,false
72662,Bluejam,true
5636,Yambee,true
65072,Kamba,false
72120,Gigaclub,false
97614,Shuffledrive,false
217,Gabtype,false
65779,Twiyo,true
47304,Eayo,true
55315,Cogibox,true
79530,Centizu,false
61481,Browsezoom,false
47954,Leenti,false
91628,Vimbo,true
32527,Twitterlist,true
12339,Dabjam,true
92443,Vinder,false
24340,Zoonder,false
91689,Skippad,false
72886,Wordtune,true
66409,Realbridge,true
2092,Yamia,false
86418,Yata,false
53882,Babbleblab,true
6674,Skynoodle,false
19612,Kazio,true
49909,Miboo,true
22454,Wikivu,false
84385,Tekfly,true
26130,Feedfire,false
65640,Livepath,true
14578,Browsezoom,true
45637,Twinte,true
38109,Centizu,true
6293,Voomm,false
12010,Vipe,false
13029,Jabbersphere,true
70989,Devshare,true
50185,Lazzy,false
74702,Vidoo,false
69360,Camido,true
39705,Meejo,false
29766,Voolia,true
7626,Rhycero,false
23459,Lajo,true
25083,Yambee,false
84902,Gevee,false
33173,Demivee,false
93881,Demimbu,false
4880,Blogspan,false
58069,Jazzy,false
28785,Myworks,true
91461,Plajo,true
71256,Yodel,true
31716,Kayveo,true
84389,Mynte,false
60121,Ozu,true
45188,Thoughtbridge,false
90924,Rhycero,true
67282,Zoozzy,false
24427,Vinder,false
41537,Digitube,true
9956,Ozu,false
75502,Wordtune,true
79275,Ozu,false
46609,Jaxspan,true
10213,Nlounge,true
1017,Devcast,true
64311,Twinder,false
55379,Livetube,true
46510,Youbridge,false
26361,Gabtype,true
67764,Riffpath,false
21281,Topiclounge,false
88284,Flashset,false
87934,Voomm,true
53016,Kaymbo,false
41634,Quimba,true
30688,Voonte,false
44464,Bubbletube,true
77557,Eamia,false
35610,Realbuzz,false
21560,Einti,true
32186,Dynava,true
22244,Kwideo,true
29681,Feednation,false
3531,Oyoloo,true
60849,Dynabox,true
48982,Blogtags,false
91318,Bubblebox,false
49387,Realbridge,false
47771,Zoonoodle,true
15315,Zoomzone,true
70405,Trupe,true
51474,Trilith,true
17712,Skimia,false
68953,Cogilith,false
88164,Twitterbeat,true
48376,Mita,false
27494,Realblab,true
44242,Midel,false
98374,Avaveo,false
25921,Voonyx,true
92980,Avamba,true
13096,Zazio,false
96428,Bubbletube,true
83044,Twimm,false
80068,Thoughtblab,false
21531,Yozio,false
4779,Lazz,false
49527,Photobug,false
91223,Tavu,true
71684,Einti,true
88815,Omba,true
44599,Devpulse,false
88613,Quaxo,true
81731,Voonyx,false
4242,Avamm,false
85243,Skinder,false
40406,Tagopia,false
4757,Fivespan,true
32213,Blognation,true
79459,Quimm,false
57964,Myworks,false
30727,Agimba,false
33256,Mynte,false
85435,Pixope,true
64616,Mydeo,false
87176,Edgeblab,true
13202,Jabbersphere,true
62889,Kwilith,true
71441,Voonyx,false
28279,Skalith,true
14518,Edgeblab,true
98913,Dabfeed,true
70729,Kanoodle,true
79561,Shufflester,false
99261,Feednation,true
25035,Topicshots,true
48056,Bubbletube,false
43078,Yabox,true
67635,Vinder,true
8909,Yozio,false
89757,Kwinu,true
80572,Livepath,false
38327,Jaxspan,true
95186,Dabshots,false
34561,Photojam,true
24094,Devpoint,true
22712,Skipstorm,false
88389,Jetwire,true
53565,Gabtune,true
56239,Digitube,false
84970,Topicblab,true
90032,Kimia,true
42356,Snaptags,true
42316,Ntags,true
15187,Chatterbridge,true
46182,Yodo,true
76473,Yodoo,false
69790,Topicstorm,true
88540,Livetube,false
2842,Tazzy,true
82894,Oloo,true
59033,Browseblab,true
7265,Trudoo,true
11962,Oyoyo,true
96972,Aimbu,true
33086,Eadel,true
29140,Linklinks,false
98040,Chatterbridge,false
10703,Voomm,false
4621,Mybuzz,false
51615,Skippad,true
21945,Meedoo,false
90954,Browsecat,false
15140,Trilith,true
63016,Livetube,true
991,Jaxspan,false
34246,Feedspan,true
86378,Thoughtworks,true
10297,Babbleblab,true
76533,Flipbug,true
24954,Wordware,false
59150,Skipfire,true
43652,Leexo,false
38710,Quaxo,false
50839,Thoughtbridge,false
88463,Oyonder,false
50563,Skiptube,true
27444,Voonyx,true
41862,Gabtype,true
25373,Voonyx,false
22118,Yodo,false
60073,Centizu,true
53871,Agimba,true
1931,Zoonder,false
13371,Dabvine,true
71507,Oyope,true
82576,Fatz,false
5709,Quamba,true
96863,Leexo,true
31497,Gabvine,false
5753,Feedbug,true
59574,Oyoloo,true
96610,Gabtune,false
65465,Dabshots,true
86964,Pixope,false
82034,Thoughtstorm,false
38764,Voonyx,false
92089,Voomm,true
13540,Realpoint,false
15503,Shufflester,true
70701,Tanoodle,false
30681,Flipopia,true
16793,Twitterbridge,true
46129,Gigazoom,false
55156,Muxo,false
40095,Minyx,true
23256,Tekfly,false
36700,Photofeed,true
19444,Aimbo,true
24812,Thoughtstorm,true
53501,Buzzster,true
56710,Zoombox,false
76631,Browsetype,true
14023,Blogspan,false
88949,Yoveo,false
55986,Plambee,false
73987,Skipstorm,true
38891,DabZ,true
94249,Mymm,true
5236,Gabspot,false
29817,Photofeed,true
43275,Twimbo,false
71577,Riffpedia,true
1466,Zooxo,false
32620,Plambee,false
28265,Linkbridge,true
57925,Flashpoint,false
97314,Myworks,true
53644,Izio,true
59117,Gabtune,false
77212,Voonix,true
32458,Skidoo,false
74119,Gabvine,false
50004,Realfire,true
1657,Babbleset,true
82983,Kwilith,true
46008,Skibox,false
64830,Photolist,true
11021,Brainlounge,true
59875,Zoomdog,false
92441,Camimbo,false
90326,Mynte,true
12274,Devbug,false
80160,Topdrive,false
38337,Katz,true
11973,Yoveo,true
54009,Avaveo,true
85323,Photolist,false
38353,Edgeify,true
23781,Ntags,true
17682,Browsedrive,false
71175,Tagfeed,true
82951,Dynabox,true
98233,Linkbuzz,true
16136,Twitterbeat,false
95577,Zoomdog,false
63945,Feednation,true
52603,Gigashots,false
36830,Photobean,true
46837,Twinte,false
82750,Aibox,false
12555,Kimia,true
73215,Flipbug,true
13720,Skinte,true
86760,Agimba,true
98484,Wordify,false
42214,Photobug,false
37980,Viva,true
3972,Innojam,false
52717,Twitternation,true
92417,Aivee,true
18679,Youbridge,false
7478,Voonix,false
25361,Shufflester,true
18428,Roombo,true
60813,Minyx,true
66875,Wikibox,true
49014,Zava,true
13551,Youopia,false
12729,Eabox,true
6984,Topicstorm,true
77639,Twitterworks,false
7594,Linkbuzz,false
65728,Jaloo,true
74774,Aimbo,true
85137,Youfeed,true
13077,Zoovu,false
80472,Photolist,false
88417,Janyx,true
59324,Brightdog,false
79698,Abata,true
99799,Quatz,true
95302,Innotype,true
97342,Twitternation,true
38970,Zoomcast,false
68875,Dynazzy,true
23531,Aimbo,false
37931,Realmix,true
71508,Tazz,true
53599,Wikido,true
88149,Dabfeed,false
57589,Vidoo,true
58816,Jaxworks,true
73922,Trudoo,true
29280,Centimia,false
10291,Jayo,false
7960,Linktype,false
67952,Abatz,false
6834,Roodel,true
20198,Ntags,true
85926,Skalith,false
7609,Jamia,true
21168,Myworks,false
78480,Yacero,true
12663,Devpulse,true
67321,Yoveo,false
18848,Photospace,true
51381,Yadel,false
34433,Skyvu,false
15576,Eimbee,false
828,Voomm,true
69676,Abata,true
33158,Fadeo,true
94035,Skilith,false
25978,Wordpedia,false
28336,Flashpoint,false
34464,Eare,true
30156,Devpulse,false
46920,Innotype,true
48126,Centimia,true
21386,Aibox,true
32901,Blogspan,false
27762,Skippad,true
63916,Zooxo,false
99298,Linkbuzz,false
68151,Devpoint,false
80964,Yacero,true
18149,Oyoyo,true
73915,Flashpoint,true
88619,Meevee,false
94198,Dazzlesphere,true
8111,Podcat,false
24618,Wordpedia,false
69480,Edgeclub,true
18329,Youtags,true
76196,Bubblemix,false
56977,Oloo,false
1175,Vinder,true
13928,Dabshots,false
10002,Livepath,true
30370,Skalith,false
15014,Realblab,false
31154,Digitube,false
51133,Blogtag,true
46666,Yakitri,true
83837,Kaymbo,false
19737,Brainlounge,true
68856,Ailane,false
60569,Jaxbean,true
42230,Agivu,false
25580,Skipstorm,true
85853,Trupe,false
99730,Blogspan,true
64433,Jabberbean,false
5404,Thoughtworks,true
62836,Tekfly,false
22612,Voomm,false
22011,Browsedrive,false
65361,Shufflester,false
19376,Mynte,false
94026,Avaveo,true
14267,Skinix,false
60296,Rhybox,true
35679,Buzzbean,true
99030,Edgewire,true
60884,Twimm,true
51744,Zoomcast,true
36258,Digitube,true
75874,Gigashots,true
92215,Thoughtsphere,false
37323,Plambee,true
59799,Meembee,false
16544,Zoonoodle,true
79123,Vipe,false
9309,Meevee,true
5907,Browsecat,false
67715,Photobug,true
15872,InnoZ,true
3617,Realbuzz,false
14322,Jayo,false
66876,Youfeed,false
2962,Yata,false
54,Innojam,false
47759,Ntag,true
59804,Kamba,false
78953,Gabspot,true
40983,Avavee,false
92464,Cogilith,false
98259,Shufflebeat,true
86197,Jabberbean,true
82594,Yozio,false
13767,Chatterpoint,false
10226,Yodel,false
21087,Gabvine,true
54218,Thoughtstorm,false
86011,Edgepulse,true
50970,Photofeed,true
59566,Twitterbridge,false
57939,Edgeify,true
94722,Riffwire,true
3779,Photobug,false
42747,Reallinks,false
35398,Aimbo,false
15676,Dabfeed,false
23694,Gevee,false
65760,Quire,true
50584,Digitube,true
78379,Meemm,false
49957,Ooba,true
63000,Eidel,true
73527,Zoomzone,false
41264,Trupe,false
36278,Kazio,false
29661,Eamia,false
51676,Quatz,true
90465,Kare,true
9423,Meedoo,true
36154,Tagchat,true
65919,Twitterbridge,true
64910,Oyoba,true
15718,Thoughtsphere,false
72133,Youopia,false
45421,Skyndu,false
74499,Tagfeed,false
59348,Tagfeed,true
91446,Linktype,false
76291,Voolia,false
17232,Dabfeed,false
18980,Chatterpoint,false
88862,Yodel,false
80642,Gabvine,true
35930,Thoughtstorm,false
69117,Edgepulse,false
3430,Photofeed,false
18795,Twitterbridge,false
67928,Edgeify,false
13052,Riffwire,false
14646,Photobug,false
37760,Reallinks,false
17057,Aimbo,false
56857,Dabfeed,false
20046,Gevee,true
8466,Quire,false
78581,Digitube,true
57935,Meemm,false
35249,Ooba,false
37132,Eidel,false
98758,Zoomzone,true
8754,Trupe,false
48515,Kazio,false
52212,Eamia,false
71406,Quatz,true
9363,Kare,true
84910,Meedoo,true
56500,Tagchat,false
96294,Twitterbridge,true
96692,Oyoba,false
94482,Thoughtsphere,true
31403,Youopia,false
3822,Skyndu,false
97278,Tagfeed,false
57839,Tagfeed,false
81433,Linktype,false
76334,Voolia,true
61935,Dabfeed,false
7569,Chatterpoint,true
80749,Yodel,false
1535,Gabvine,false
87559,Thoughtstorm,true
7519,Edgepulse,true
70899,Photofeed,false
22905,Twitterbridge,false
22415,Edgeify,true
5364,Riffwire,false
72565,Photobug,false
79381,Reallinks,false
56464,Aimbo,true
36218,Dabfeed,false
34566,Gevee,true
73171,Quire,false
8284,Digitube,false
90572,Meemm,true
7672,Ooba,false
74433,Eidel,false
79938,Zoomzone,false
89808,Trupe,true
68657,Kazio,true
25726,Eamia,false
69713,Quatz,true
58341,Kare,false
41438,Meedoo,true
64372,Tagchat,true
921,Twitterbridge,true
17666,Oyoba,false
69392,Thoughtsphere,true
35333,Youopia,true
68396,Skyndu,false
11858,Tagfeed,true
37229,Tagfeed,true
32954,Linktype,false
12125,Voolia,true
38455,Dabfeed,true
76864,Chatterpoint,true
88390,Yodel,false
52088,Gabvine,false
65702,Thoughtstorm,false
83613,Edgepulse,false
98272,Photofeed,false
54860,Twitterbridge,true
94371,Edgeify,false
84546,Riffwire,true
53270,Photobug,false
65386,Reallinks,true
80345,Aimbo,true
48645,Dabfeed,true
39791,Gevee,true
14939,Quire,false
28362,Digitube,false
33167,Meemm,true
88252,Ooba,false
30032,Eidel,true
1569,Zoomzone,false
95877,Trupe,true
57787,Kazio,false
37038,Eamia,true
86075,Quatz,false
81160,Kare,true
34188,Meedoo,false
87081,Tagchat,false
30308,Twitterbridge,false
57885,Oyoba,true
38131,Thoughtsphere,false
80021,Youopia,false
57420,Skyndu,true
8942,Tagfeed,false
30180,Tagfeed,true
32810,Linktype,true
87938,Voolia,false
52554,Dabfeed,true
15030,Chatterpoint,true
52378,Yodel,false
96149,Gabvine,true
50653,Thoughtstorm,true
86534,Edgepulse,true
70425,Photofeed,false
75670,Twitterbridge,true
67075,Edgeify,false
52663,Riffwire,true
89453,Photobug,false
97302,Reallinks,false
52359,Aimbo,true
55813,Dabfeed,true
91740,Gevee,true
62719,Quire,true
29904,Digitube,true
52493,Meemm,true
70943,Ooba,true
36159,Eidel,true
84929,Zoomzone,true
7217,Trupe,false
66500,Kazio,false
81537,Eamia,false
46464,Quatz,false
29910,Kare,false
81736,Meedoo,true
30659,Tagchat,false
6189,Twitterbridge,true
4129,Oyoba,true
81977,Thoughtsphere,true
75933,Youopia,false
62494,Skyndu,true
47242,Tagfeed,false
91881,Tagfeed,true
25149,Linktype,false
64076,Voolia,true
57902,Dabfeed,false
5357,Jayo,false
90580,Feedmix,false
78105,Yoveo,false
90855,Wikibox,true
63705,Jayo,true
84947,Twinte,false
13019,Divape,true
42191,Twimbo,true
52897,Rhycero,false
34434,BlogXS,true
54288,Edgetag,true
96210,Mycat,true
95377,Edgewire,false
56692,Babblestorm,false
84548,Feedfire,true
5576,Voonte,true
38274,Eare,true
97685,Yakitri,false
36411,Innotype,true
8863,Youopia,false
5142,Wikizz,false
71378,Cogidoo,false
64072,Dabvine,true
60779,Rhyzio,false
3109,Fliptune,false
67049,Gabtype,true
74335,Yamia,false
81061,Yotz,true
23401,Flashdog,false
60510,Skyba,true
3028,Topicshots,false
61382,Quimm,true
40376,Plajo,false
43076,Chatterbridge,true
93711,Fliptune,true
67468,Meeveo,false
56451,Meevee,true
69555,Quinu,true
56185,Podcat,false
3597,Quinu,false
56564,Agivu,false
22855,Flashspan,false
85691,Twimm,true
86777,Vinte,false
26077,Plambee,false
53539,Mybuzz,true
67327,Zazio,true
42319,Browsedrive,false
83242,Trunyx,true
64192,Yakitri,false
38410,Meedoo,true
9595,Myworks,false
18390,Dynabox,true
9828,Yabox,false
50537,Cogidoo,false
72026,Myworks,false
89769,Teklist,true
94669,Yotz,true
22605,Mymm,true
13474,Feedspan,true
53886,Skiptube,true
81711,Fliptune,true
74453,Innojam,false
26576,Livetube,false
22142,Photobug,false
66172,Vinte,true
5015,Mudo,false
70454,Nlounge,false
96786,Kwideo,false
77802,Blogtag,false
74754,Lazz,false
17348,Divanoodle,true
63050,Npath,true
91072,Gigashots,true
1356,Flashset,true
17264,Oodoo,true
56791,Kwideo,true
44093,Mudo,false
81229,Yadel,false
84985,Pixoboo,true
3194,Jetwire,false
5197,Jatri,false
56502,Yabox,false
55972,Gigashots,true
10261,Agimba,false
29620,Voomm,false
99021,Youspan,true
22918,Kwilith,false
15275,Photojam,false
98777,Yombu,false
76239,Gigazoom,true
20498,Livepath,false
23722,Realcube,true
89525,Voomm,false
37052,Browseblab,false
26647,Flipopia,true
35895,Zoombeat,true
80282,Rhyloo,true
41267,Linktype,false
13766,Devpoint,true
11471,Gigabox,false
77434,Podcat,true
4694,Twitterbridge,false
17366,Photobean,true
7555,Flipbug,false
40051,Innojam,true
97142,Myworks,false
26868,Viva,false
39677,Divanoodle,false
5963,Yata,true
33044,Tagchat,false
10292,Rhycero,true
5832,Edgetag,true
47183,Browsetype,false
12644,Dynazzy,true
20917,Brightdog,true
81250,Flipstorm,true
74369,Dynazzy,true
63646,Lazz,true
47703,Oyoyo,true
92897,Meejo,true
16266,Gabtype,true
37267,Topicshots,false
63111,Twitterlist,false
82113,Pixoboo,true
60381,Gabtune,false
12745,Mita,true
29568,Kwimbee,true
54959,Youtags,true
14834,Divape,false
44870,Jaxspan,true
48732,Dazzlesphere,true
92426,Vitz,false
99372,Trilith,false
89931,Cogilith,false
23744,Zoomlounge,true
35140,Skajo,true
93225,Fivechat,true
8358,Voonte,true
28673,Twitterwire,true
19656,Fivespan,false
20959,Roomm,true
99333,Skidoo,false
25932,Jaxnation,false
28172,Shuffledrive,true
36884,Linktype,true
97967,Edgeify,false
20302,Vipe,true
35917,Flipstorm,false
66916,Gabvine,true
82370,Kamba,true
46006,Trilith,true
62966,Talane,false
74923,Meetz,true
29728,Thoughtblab,false
44927,Rooxo,true
95630,Geba,true
93330,Blogtags,false
8787,Linkbuzz,false
56163,Kimia,true
97285,Yakidoo,true
82676,Yakidoo,true
71549,Katz,true
94544,Oyope,true
54029,Photobean,true
68337,Roombo,false
44287,Twiyo,false
58280,Voonte,true
70172,Realbuzz,false
704,Feedbug,false
34376,Jabberstorm,false
62937,Vinder,false
4039,Gigaclub,false
67306,Oyondu,true
12299,Layo,false
46700,Camimbo,false
28212,Pixope,true
99419,Jetwire,true
3643,Topicware,true
18267,Twimm,false
14769,Vidoo,false
39051,Blogspan,true
91352,Skynoodle,false
38142,Voomm,true
40616,Tavu,false
81420,Twiyo,false
33688,Yodo,true
66652,Tagopia,true
82557,Tanoodle,false
65767,Youspan,false
45289,Meevee,true
53360,Youbridge,false
43387,Centizu,true
42546,Zava,true
79326,Yambee,false
92895,Blogtags,false
43509,Skilith,false
39502,Izio,true
63453,Shufflebeat,false
44519,Realblab,false
9456,Midel,false
54826,Devcast,false
21769,Photobug,false
45827,Myworks,true
81550,Zoozzy,true
9292,Flashset,true
25844,Kazu,true
65818,Meembee,true
52496,Meemm,false
39273,Devcast,false
71701,Oyoyo,true
28647,Tanoodle,false
26981,Topiczoom,false
12063,Thoughtstorm,false
50227,Yambee,false
77791,Tambee,true
29418,Jabbertype,false
11470,Agivu,false
66440,Wikizz,true
14508,Kamba,true
67598,Eayo,false
92835,Edgeblab,false
24688,Jaxnation,false
28103,Thoughtstorm,true
27089,Realbuzz,true
33006,Skinte,false
8576,Eazzy,true
88162,DabZ,true
83982,Meeveo,true
39385,Brainsphere,false
16298,Devbug,true
49912,Wordify,true
53842,Roodel,true
28933,Gigashots,false
79911,Flashspan,true
84887,Mita,false
43432,Jaloo,true
76725,Kwilith,false
51634,Quatz,false
17304,Youfeed,true
63160,Yacero,true
9319,Eimbee,false
5066,Tagpad,true
39535,Flipstorm,false
63983,Realcube,true
29214,Innotype,false
22385,Feedmix,false
7535,Babbleset,true
73271,Voonix,false
18874,Ntags,true
84699,Zooxo,true
15842,Fanoodle,false
85528,Gigazoom,true
81291,Latz,true
30264,Skyvu,false
57903,Trupe,false
77343,Trunyx,false
16221,Trilia,true
88783,Zoonoodle,true
6048,Demimbu,true
93354,Yata,true
82442,Skyndu,false
67302,JumpXS,true
35512,Katz,true
2176,Topicstorm,false
8487,Latz,false
27633,Tanoodle,true
27220,Rhynyx,false
89412,Tanoodle,false
26503,Oozz,false
13772,Yozio,true
78324,Twitterlist,false
66884,Talane,true
7513,Oba,false
53732,Yata,true
62956,Devcast,true
88505,Topdrive,true
89207,Rhyloo,true
4111,Quatz,true
51046,Thoughtworks,true
73205,Skiptube,false
13852,Devpoint,false
91972,Photolist,false
77896,Oba,true
97925,Aimbu,true
46335,Rhynyx,true
7580,Topicware,false
72196,Feedspan,false
18675,Fatz,false
18892,DabZ,false
82613,Flashspan,true
68998,LiveZ,true
46214,Eabox,false
97774,Topicshots,false
3978,Ntag,true
8695,Jaloo,true
7246,Mydo,true
33045,Babblestorm,false
62891,Kare,true
93947,Oyonder,true
66332,Skaboo,true
21156,Kazio,true
76802,Pixoboo,false
67675,Skyndu,true
73219,Dazzlesphere,false
95105,Zoomzone,false
78306,Yambee,false
22700,Vimbo,true
89514,Zoomlounge,true
28573,Kazio,false
51319,Tagtune,false
12476,Babbleopia,false
85177,Browseblab,false
33116,Dynava,false
96492,Youfeed,false
83142,Zoovu,true
25496,Cogibox,true
48912,Skipstorm,true
20194,Bubbletube,true
41032,Dabfeed,true
65951,Feednation,false
30121,Livetube,false
341,Dazzlesphere,true
37593,Einti,true
21223,Riffwire,true
84078,Dabvine,true
62818,Npath,true
23582,Devcast,false
35132,Abata,true
58014,Zoozzy,false
78660,Fivespan,false
65211,Zoombox,false
92365,Meejo,true
43938,Topiczoom,true
83590,Livetube,true
68616,Yamia,true
74483,Tagcat,true
36107,Quatz,false
73480,Minyx,true
48213,Brainlounge,false
31663,Yodo,true
40046,Skinix,true
63131,Kwilith,false
89078,Yodel,false
86086,Skidoo,true
57387,Centimia,true
18415,Jaxworks,false
15402,Tekfly,true
73119,Janyx,true
33192,Tagchat,false
19569,Livetube,false
88242,Youopia,true
49919,Avaveo,true
42060,Riffpath,false
5868,Flashpoint,false
12988,Innotype,true
388,Centimia,true
17031,Riffpath,false
81292,Jaxnation,true
97110,Meejo,true
52666,Babbleopia,false
70076,Demizz,true
54572,Chatterbridge,false
38388,Thoughtmix,false
79502,Leexo,true
33952,Npath,true
2066,Livepath,true
25473,Trupe,false
91960,Photofeed,false
17275,Myworks,false
15950,Dabshots,false
30431,Flipstorm,false
39253,Aimbo,true
12561,Tagtune,true
82867,Trunyx,false
52571,Dabfeed,true
41916,Yotz,false
93794,Voonder,true
10554,Wordware,true
62337,Trudoo,false
81945,Photobean,false
18046,Skyba,false
7205,Quinu,false
29719,Thoughtsphere,true
73933,Yakijo,true
57668,Dabtype,true
41286,Babbleset,false
96757,Dynabox,false
62788,Fadeo,false
22921,Mynte,true
10016,Jaxbean,true
62194,Trudeo,true
9649,Zoomdog,false
99679,Innojam,false
80787,Quatz,false
38513,Realpoint,true
11863,Mudo,true
74770,Yoveo,false
2436,Brightbean,false
44822,Dabfeed,true
86853,Viva,false
18768,Brightdog,true
79883,Skiba,true
77130,Avamm,false
85032,Jaxspan,true
85369,Wikizz,false
21387,Dynava,true
65241,Twitterbeat,true
21368,Tagchat,true
32268,Aibox,true
47605,Livetube,false
32808,Oloo,false
19378,Lazzy,true
18137,Eayo,true
78042,Youopia,false
4869,Meemm,false
3736,Jaxbean,true
94438,Yakidoo,false
46859,Lazz,true
36455,Skinte,false
23396,Feednation,true
83636,Leexo,false
70211,Edgetag,false
68350,Yabox,false
44459,Snaptags,false
81038,Camimbo,false
4681,Fiveclub,false
20912,Flipbug,true
26403,Babbleopia,true
27356,Gabtune,true
30753,Chatterpoint,true
52165,Omba,false
17218,Yotz,true
38984,Reallinks,false
16495,Cogidoo,true
28675,Tambee,false
84191,Oyoloo,false
11883,Agimba,true
15506,Tavu,false
76347,Blogspan,true
41354,Lazzy,false
43143,Feedfire,true
66442,Demizz,true
64641,Youspan,true
8377,Jabberbean,false
44037,Wikizz,true
13827,Quatz,false
41034,Skynoodle,true
6280,Rhybox,false
42178,Eimbee,false
49710,Wikizz,false
25732,Geba,true
81780,Jetpulse,false
16231,Realbuzz,true
52192,Thoughtbeat,false
9329,Thoughtsphere,true
42075,Trudeo,false
37432,Zoomzone,false
94513,Trudoo,true
83225,Yata,true
73182,Viva,true
87184,Jaxbean,false
63526,Gigazoom,true
16584,Meevee,true
15778,Edgetag,false
29120,Gigazoom,false
38221,Kamba,false
41067,Skinder,true
94047,Fivespan,true
44229,Latz,true
65398,Shuffletag,true
4131,Skipstorm,false
1746,Yakijo,false
91707,Flashdog,true
22532,Voomm,false
59248,Ozu,true
96409,Dabshots,false
25653,Centizu,false
7899,Yodo,true
64479,Voomm,true
94643,Kwideo,false
14427,Kamba,true
6317,Yodoo,false
57737,Tagopia,false
47801,Twitterworks,false
96751,Ntags,false
12855,Muxo,false
35743,Zoonder,true
603,Tavu,true
79362,Fatz,true
26502,Dabtype,false
76856,Avamm,true
20663,Twinte,false
59021,Quimba,false
36146,Eamia,false
53649,Realfire,false
60526,Izio,true
36311,Tekfly,true
25103,Skilith,false
89802,Jaxspan,false
12157,Yambee,false
13436,Aimbu,false
15114,Yambee,true
50616,Flipbug,false
26247,Reallinks,true
29830,Fivebridge,true
83283,Tavu,true
98449,Eimbee,false
19223,Skyvu,true
29931,Kayveo,true
24335,Skajo,true
4927,Tavu,true
10940,Babblestorm,false
54483,Kwimbee,true
37172,Jaxspan,true
43771,Tanoodle,false
10936,Jayo,true
87378,Cogibox,true
56403,Topiclounge,false
68077,Izio,true
24295,Twinder,false
27973,Zoonoodle,true
66987,Minyx,false
46835,Voomm,true
6880,Oba,true
25199,Kazu,false
5809,Gabcube,true
6112,Chatterpoint,true
33605,Kayveo,false
11506,Topicstorm,true
93520,Mybuzz,true
58552,Tagcat,true
56318,Innojam,true
62255,Photolist,true
89943,Mydo,true
68087,Teklist,false
11210,Zoonder,true
85939,Yakitri,false
5533,Kaymbo,true
16069,Leenti,true
5525,Lazz,true
2895,Shufflester,true
36115,Yodel,true
18244,Geba,true
78653,Kaymbo,true
3115,Innojam,false
92170,Tekfly,false
89161,Kare,false
84382,Bluejam,false
43700,Yambee,true
15944,Kamba,false
99711,Gigaclub,false
44379,Shuffledrive,true
48888,Gabtype,true
95499,Twiyo,false
95750,Eayo,true
62613,Cogibox,true
4282,Centizu,true
90245,Browsezoom,true
31810,Leenti,false
16420,Vimbo,true
44668,Twitterlist,false
9222,Dabjam,false
95786,Vinder,false
19528,Zoonder,false
98749,Skippad,true
13410,Wordtune,true
80960,Realbridge,true
17591,Yamia,false
23451,Yata,false
28269,Babbleblab,true
24454,Skynoodle,true
72751,Kazio,false
16,Miboo,true
53417,Wikivu,true
83996,Tekfly,false
18906,Feedfire,true
23457,Livepath,true
21761,Browsezoom,false
15572,Twinte,true
58749,Centizu,true
35601,Voomm,false
72723,Vipe,true
71193,Jabbersphere,false
62052,Devshare,false
41786,Lazzy,false
54363,Vidoo,true
51350,Camido,false
65041,Meejo,true
44079,Voolia,false
32763,Rhycero,true
36324,Lajo,true
37339,Yambee,false
656,Gevee,false
20263,Demivee,true
58185,Demimbu,false
35579,Blogspan,true
63113,Jazzy,true
57997,Myworks,true
22484,Plajo,true
85072,Yodel,false
94325,Kayveo,true
59110,Mynte,false
9397,Ozu,false
69319,Thoughtbridge,false
48833,Rhycero,true
73853,Zoozzy,true
59777,Vinder,true
