id,name,token,active
99876,Lester Wickett,65a60def-8be7-43ca-a634-d778e622f3d7,true
92320,Israel Kynge,4e93bfd3-25c0-4996-9306-dc0c1824e686,true
85187,Ervin Rarity,e8e9d88f-895f-40b6-b195-00974c48b68c,false
34806,Aldon Seager,c5b4a811-cc22-441c-af6e-133ab4917491,false
30052,Kareem Blandford,838e63f9-141d-4488-a8b8-dc9d984c5f76,false
89366,Natka Halshaw,f456e010-4f84-45ed-8f43-431c52cde0c6,false
90169,Ame Suffield,7ad57823-f59d-43c0-8979-be6023727663,false
33201,Tiena Rutherfoord,1de44ff2-d2f8-4384-8f86-924b89dff2ad,false
44680,Sybil Bengtson,7a812fb2-c66b-4579-9b21-04b5fc32b325,true
20913,Kiele Cromblehome,5170adc6-47cd-4c3c-a47d-a1d03d6e35fe,false
951,Blancha Troop,6240d7fa-887e-4f34-99d7-113cc3fccada,true
50105,Amelita Brittian,463a79b1-2b79-48ef-b191-b9063fbe24e0,true
25173,Trudy Jasiak,dba67d57-de2b-40dd-a266-c5bba4e74d8a,false
32882,Feliks Fosher,6eb595d1-ef20-4d53-94f9-4e3c3d672127,false
28839,Babb Gaskarth,b5bd5645-354e-42f6-a879-55975d791b6f,true
95034,Sashenka Kettlestringes,ab89a9d8-fc97-4f0b-aeda-32ae411600c8,true
29915,Charlena Richold,1c8fc164-d58a-444e-bf1b-f23869839933,false
61047,Kelcie Melliard,6159678d-3557-412c-a0a3-17db1fb22214,true
23723,Marleah Lighten,94dd1912-84aa-493e-af1c-f6a50f483d16,false
97963,Claus Comusso,2bc6a989-826c-4d67-8b7a-3730394c71cb,false
99396,Siffre Huton,1811fd79-b055-42cd-b743-bf341edbfa47,false
60698,Kathlin Delia,bbe6b92a-5390-447b-8313-367fa04fb87f,false
48388,Sayers Gooderham,7f492c21-16c5-48a5-8a46-c19f9e5bd40d,false
82466,Mohandis Rickards,fb73f67c-031d-4e65-9560-6ac0a473b370,false
92887,Mord Girardot,f05a4774-d9c6-4827-b4c8-e6fe11f7ae01,false
38730,Alexa O'Cannan,9f1407a5-74d2-4ea3-8472-8ef32ba2bbd7,false
24625,Nikos Tuft,006cffd7-7840-42ff-af7a-8ddbfbf2354d,true
42114,Waring Fearick,7728f33c-45f8-4ca9-85c0-77913b421456,false
1831,Bibby Keppe,20cb30a2-852f-40d6-ba66-71840a213da5,true
11648,Arleyne Harridge,0fd4d13d-976e-4362-bb1c-992e57980d79,true
37373,Dorie Bowle,ecb52912-c250-4d00-8c77-041d9fe74350,true
27987,Jeanie Kolak,d7a6ba78-983d-40a5-9d52-4eacad00511c,true
65935,Holly Ivanikhin,17dc43a0-83ff-4f12-9211-5703877df17d,false
93256,Sharleen Banyard,f0a28ec3-e502-49cd-a2dd-473daf412287,false
99153,Durand Gierke,df665b65-e4e2-4374-879f-9512ef3239eb,false
99203,Kittie Gantley,efbd300c-718e-420f-9b5f-2070823dc659,true
82622,Maynard Pleasance,189d1afe-e105-4b68-bf9b-8b2c1e0849aa,true
56986,Elka Buesden,34b2fac8-2276-4772-82be-8cd96db77f71,true
12621,Dasi Snary,b3e0705e-731f-4240-a564-7ac56eec6723,false
1552,Amory Plows,19df0453-ff48-4ecd-b29c-0376946797ca,false
29270,Beth Mourant,59157657-d57d-482c-bb9e-6841817b9c2c,true
1811,Pauly Smaling,04c59fb7-988e-4b82-9321-bcef88a160dd,false
18626,Pooh Corps,039b781e-3643-42d4-be27-b88cba80f583,true
84613,Alexandrina Norsworthy,ef8c3f2b-ea62-4964-9091-e5782316c9a5,true
22317,Enid Lindsey,b57ff4d6-0486-4b24-b86f-65260d0f6ad6,false
65407,Arabele Enderlein,7f615883-3c23-4df0-9064-768f6194228e,true
62592,Rudolfo Scourgie,c3abe21b-c879-4745-a6d1-0f1a2138a5ad,false
2204,Witty Rice,50276d2c-8e45-45ee-960a-4a1e28902801,true
14580,Ramsey Blaksley,5a302fe4-ae28-44e1-8e4f-7944ecf664a9,true
61136,Rolfe Pummery,8053c337-77da-4787-ae26-59378478bd93,true
1268,Murry Wilmott,307d8b5f-3697-44ab-be2d-404b6bbe93f9,true
68523,Lindi Eagleton,38b82b95-e732-49a0-ab5d-e44610d7b39e,false
47362,Betsy Partrick,2f12ba56-b09f-4413-9b99-ba0989a5d79f,false
74593,Rafferty McMeyler,d42ec818-0d96-463d-aeb9-7643feb05ded,false
69583,Portia Duplain,a6345110-858f-43b4-bdc4-b682458c01b4,false
97381,Gregorius Marcam,89b28017-15d0-4fa9-94bb-49985dd810c5,true
67843,Eugine MacCracken,0038ea40-7900-414d-a46e-c1b184e7e330,false
93438,Carlynne Wallach,a5599b96-9f1a-49be-bd08-789962783bc9,true
12648,Skye Badger,35fadce2-912a-498c-88dd-38a8fe1b802e,true
87498,Martina Redsull,c93fbc93-6427-40e8-bd9f-f88ddaceb529,true
19430,Josias Vivash,388b0f64-8513-46bb-8af5-797956dbf053,false
92731,Alfy Whaley,249d156b-10af-4ecb-b8ef-c42e6f30011e,false
50673,Ricki Varley,c4b7ef9c-26ba-40e1-a619-1f81225343a6,true
14358,Giraud Tuftin,ca381299-4af4-4ec0-9a57-a102e3b3b6f3,true
71391,Gilemette Riolfi,582f9cfe-2854-4995-91c6-84b48cc0b177,false
20963,Annamaria Haburne,71abcf36-b203-4955-83ca-447ac89aa1cb,true
48246,Breanne Morpeth,a728782e-472c-4f3f-a347-9c21b136b8a4,true
51271,Berty Laborde,7845184d-070c-496a-95d0-9d2bcffb16b8,false
46545,Taryn Kay,6e282951-2880-46f8-8ad4-9a5dde92be4e,false
72080,Kettie Slaughter,2ca4c446-5846-4951-aca5-34ad0f5ea477,false
87358,Eve Marfield,745b0f89-f549-4a53-9f34-4215c9feaae0,true
91765,Hugh Hammersley,6315c2de-8ecb-4812-bb79-79fccea59e30,true
9612,Jasmine Bartens,4e4ac9dd-ee59-478a-b79f-b022b00ae547,false
37183,Melita Leake,d3011940-757f-4019-9a05-68922ad2368e,false
93636,Chauncey Woodwind,27e1c403-a064-4ceb-81c1-ad5c36b7a36b,true
87048,Oberon Gullick,11d18048-f2a4-48c5-9dd6-9a6316e81da6,false
25574,Marilin Broader,3589e62b-73f1-4448-a9fb-15a18de8eebf,true
48606,Patty Paoli,c0ef58d3-a396-4f3f-bece-c5c46d048084,true
89278,Lyndsay Cackett,64dcc72f-45e4-4517-8bb5-e119782ba569,false
6939,Carr Perrelli,6ecc18b6-a3fb-46d7-a16e-b4f47d0c537b,false
34204,Britta Lorie,75f482f0-7d5b-4042-b093-a5d276d52fe5,true
82335,Carter Keigher,bcf526b6-a6ea-42cc-9fb2-58555ef37827,false
440,Sasha Sailes,dd8ba3c6-9a80-4e92-91d4-823c661fec13,true
61443,Esmaria Formigli,6510ec5a-7781-4957-b74d-d0dca8c61976,false
42774,Myra Glasson,6a8c0959-edab-481e-b497-7dfd3d54f2e4,true
71295,Prudi Hounsome,9d721ef3-dc50-43a5-8fd8-d675990df58e,true
20354,Nike McCarver,4f61826c-5e22-44e1-98f4-c36fac9fb3ad,true
77154,Hurlee Mouan,8f8e50cc-df53-4093-8a31-1346a35ca6a7,false
19,Benedicta Kendal,7c38a997-3f7f-4f56-aab7-7f7e4736fbbf,true
76454,Corney Leport,8f0a5a3d-cd5c-493b-bebf-de311e5ecdb8,false
87621,Bradan Derr,0d94dce4-d718-4c83-8d8c-631f04cd4a03,true
27161,Arlyn Wilce,a57a365d-e300-44cd-bb0c-ec54460d8f89,false
28518,Felicity Sparkwill,36315f40-544f-482b-932e-f758c6272cf3,true
7281,Heinrik Bartels,fd7cdf34-8330-458a-a050-df6160249f00,false
80202,Hermie Columbine,36a9d8ff-fa02-41bf-a011-19954a068a51,false
48918,Brade Esby,3304a3a8-1432-43e5-8a97-e43f22f0bcb6,false
56145,Bentlee Vidineev,81f67658-30e3-4137-9ab5-5cfe75141e10,true
9960,Charlena Speer,c995d503-a570-48eb-8e01-566d96313cf2,false
34150,Jasper Firpi,a7b2bbe1-1ad3-4870-bfcf-1b4df85b3ee7,false
76452,Sarine Gow,23c18771-d905-4856-9f5c-db9993b8a18c,true
14764,Karlotte Arson,05947764-1a49-4c00-8396-c1b68a2c501d,false
74974,Jodie Perree,a5ac102e-fd0b-4d33-9b3a-ffc542ceade2,false
14684,Audry Southerill,cc664482-27c9-4b53-8ae0-d58d22f22c89,false
69680,Cyrille Akehurst,096e849b-b562-4b65-9d0b-f2117b2a146b,true
50734,Teddy Macguire,27f2d1c1-d3e7-4407-8992-09aef879366c,true
266,Bogart Cammoile,3744b5de-c707-4da9-a118-3670dfcf21e8,true
53657,Donall Epelett,da0d00a9-1617-4a2f-b609-7d825171d7e2,false
2543,Mark de la Valette Parisot,02e019b5-7cb1-44f1-920b-ef16f75f7326,true
74248,Bear Allaway,3c28640f-b491-4702-8ac3-aa22efa5b6d9,false
28360,Christye Doumerque,b711e4c4-b758-4357-9676-a6e3b0745b70,true
47887,Beryle Trevor,77c5da45-7de4-4d95-84c8-c0f6cc39abf2,true
50685,Nonna Norbury,d2090224-c8e6-4fba-90b3-8c3937093ea6,false
93618,Jule McFarland,93af3612-67e7-4e2d-a767-13307f9295cd,true
10431,Steve Prosh,4d43194a-5fb6-44ca-92f1-8d6486f84081,false
87997,Logan Helbeck,3d774da6-e095-45b9-9647-9faa628e84b1,true
88396,Jacinthe Beddis,a720d00c-e10b-4705-a5ba-1ed554b16153,true
27657,Noelyn Schoales,12e3ef4c-eaa9-4ac6-89e7-f99cc917e39a,false
55236,Nollie Younger,3b15981e-dbd1-426d-be79-2e99d8f82b8a,false
14205,Devan Croucher,abf37aff-e35f-4a3c-9045-b4107378a92c,false
34810,Kettie Kimberley,25a22917-6b4d-4222-b2d1-2dbb28cdf610,true
23575,Leandra St. Aubyn,6f88ad45-5cb3-4be7-a062-ea72dfc6afb5,true
23354,Hettie Elis,82ad8365-6783-4c38-acfd-0ca2671e4424,false
17119,Bern Rudwell,83e1520d-a7e8-4762-993a-a1824c041a1d,true
94957,Genvieve Newbery,27035a8d-0127-4c89-a2d8-4ce36ade1744,false
74686,Audry Dalmon,65453f99-a07a-4cd6-b083-1a86a759c274,false
40759,Herrick Dubois,e0502e2c-7c01-4637-a0f4-9815ca4283a0,true
64057,Michael Copyn,227b5471-687a-4ebc-ab75-a36b4d81e809,true
66471,Pieter Pentecust,7a236405-bc03-449a-b8b8-52b3e48c1483,false
89615,Erika Tyres,534f600c-6c8b-4e67-839d-dca5ff677cd5,true
13866,Lanae De Bruyne,3fdb8864-12ae-4c52-a32d-6d3b115d108f,true
52307,Mile Worssam,6fd18751-cb91-4632-ad5a-4abf114f6ab7,false
67794,Tallulah McGavin,84b54d7c-c98b-4e1c-85c0-049d76d173bd,true
35268,Ruthie Winsper,8e8a7c8a-32c5-44ef-a396-10aca32dad33,false
35428,Padriac Yurocjhin,fbece718-4caf-4f9c-b36e-8e4f35a3d182,true
38415,Kenn Ielden,13817c49-1191-4959-9a2b-7a453213c530,true
75508,Meryl Ragg,b6cb904f-3770-4f9a-a382-3044a3dc43a7,false
61419,Lynett Sor,c6f6438f-0909-4f8e-9304-2c4748e1fbda,false
11924,Tallie Humbie,f0833378-8387-46f7-94b2-8f33904de0b6,true
23943,Joaquin Gotthard,122d1028-69f8-4d72-b1dd-6a18906f7e9b,false
47634,Rina McKeown,46be1f6d-f18b-4c0e-b63c-bd7d3216f086,true
90148,Adey Featherby,972a55ef-7bea-41d6-97a2-9cb45981afc5,false
89464,Tildy McGonigal,3e1cb868-a632-42d4-a5a4-4897d6024d72,true
90144,Ebenezer Harrow,f96364f4-2c2e-48ec-96f2-1ea193a646c3,true
58717,Blithe Quested,ca4bfc20-0012-45fd-9996-5b4f735adc59,false
64435,Kimble Shovell,54486c08-6ec2-46c2-b815-744d92b9abe3,true
12830,Gill Asher,e6802063-0095-4e27-80ad-d6a20b062316,true
12525,Claudianus Ansell,e52ea0d3-232b-402a-969b-f0bb7e4ab585,true
54468,Petronilla Allans,e76e50df-1600-4fad-b6a6-65b663ec0b6d,true
18061,Josepha Trask,588cdea5-77e6-42f5-a3c0-2dafbe6883c9,false
55520,Andree Jahncke,1b94aca7-58dd-4cf1-8ab0-c733328431c6,false
98430,Dom Surmon,c2c59629-c385-422e-9424-034b5b5ee55b,false
60308,Emmery Charker,f1fcc3e4-6a83-49c1-a570-d11f07b9a6da,false
4750,Juliana Addis,752f206e-b2f9-4e8a-b728-46b1f5b4c1ce,true
94240,Florida Bougen,224ef3a7-fa28-4cc3-be22-71ed229574f6,true
22727,Abram Olivie,9b7b4080-91bf-48b2-88ca-7158332e38f7,true
1104,Chrissie Osbourne,ba715d9c-3b84-4867-81e6-6ac97baf659a,false
71122,Ronda Smoote,da3580ff-6c06-44e4-bee2-03535ae19c06,false
44038,Penn Skellen,42df0d4e-6645-4433-a992-3c952f2838e8,true
80599,Venita Pady,02795f58-4444-4205-88f1-a4e9a964a8c5,false
82462,Claybourne Petry,f21e010b-bc12-44c4-996a-4114ea7c27a2,false
17407,Nina Wagnerin,a42b8ac5-6c93-4da5-966b-ba21483ef0bd,false
74716,Edin Bartolomeu,6fcd79be-1c4f-4c08-b67f-006119ac227b,true
94988,Karoline Aggas,2e3cb905-9935-48bb-a2e1-9bd122736f12,false
62572,Franky Ruvel,2edde928-3502-483a-a083-1f24ec54ef89,true
48359,Shanda Beamand,c7e02b76-035c-41b1-a2b6-784531b1c907,true
73822,Ezri Jillard,8be5822e-83eb-4dbf-a7ab-a71fc103093c,false
63952,Stanleigh Stroobant,4829d222-65a9-48d0-9c6e-785cccf5646d,false
38900,Korney Crabtree,a8b52dbe-0660-4798-a8ab-3dcebbfeffd2,true
47571,Daphne Buttriss,24df3c36-42fb-4eb7-ba6e-f17d3e15c13a,false
76837,Gerick Tennock,6056282f-b76e-44e6-b6dc-a0b3cbf8297c,true
36292,Dorie Annesley,079df6ad-ee7b-44b9-890b-c31cc86cf46d,true
14802,Duffie Whittles,38bf03c3-c763-4f62-8759-55e93df5b736,false
3442,Shelby Deniseau,0d777438-ce73-47f0-bdf5-1182e0ca13d8,true
96186,Davidde Branwhite,3950b514-add6-4c43-b10e-9e92c19e69d2,true
68462,Frederik Swinyard,99b16efa-754a-485e-89d4-34ab5339c2b9,false
63198,Elinore Orriss,89b4e8a3-d660-44d7-b43a-b6415579f0b5,true
36133,Bertram Dellenty,e6cb0c2d-b917-4c72-9d9f-e701141992cd,true
7994,Arvy Wavell,c322dd95-4295-46c5-a79f-d349f38f1fe5,false
68578,Barn Heymann,6a036781-430e-47f6-ba08-12a4adaa2339,false
67927,Nissy Finlaison,b3648c4c-9a81-4c96-89b1-9f0bf07508c1,false
24338,Ware Doddrell,cbda0efe-2eef-4660-ad5b-f14169b961e5,true
42965,Valenka Bradforth,9189b790-a7ee-487a-9d95-61cae2ac187b,false
42388,Raddy Ballefant,ea176fec-1c06-40f6-9ab0-62448819f207,true
25445,Teodoor Ronchi,5be889ce-0595-4ea7-9498-eec83deb539e,false
39508,Revkah Bustard,ff1ec081-bedf-471c-9daf-4a067b6adc9a,false
85718,Jenine Kinker,5a6e690a-e2fb-4999-a020-8ae9b415cb53,false
33782,Miller Ambrosetti,9a2a9c71-358d-4d31-bc71-130d4bbaa4cc,false
41734,Brew Faherty,1b7cbf98-75b9-4073-aaa0-419d4d784602,false
72278,Chrissy Matteuzzi,03e1fad7-9480-4106-864b-51d678aecc27,true
57127,Tomkin Cullivan,ac45f804-7fde-4382-9273-ee0759da6bdd,false
15154,Virgie Bentick,d40dbe97-ad84-4414-ab62-b82bac454bd3,true
70198,Loree Wintringham,3021af1f-f532-452e-a5a7-0fc55f15ca8a,true
16367,Genny Sprasen,37052ee3-b379-4cff-bc02-edb2b60866b4,true
16900,Perla Ades,4f802c68-96dc-4acd-a4a0-90ec1f826c6a,false
52022,Agace Roistone,e5b0211d-a788-43d4-97fa-454f47f151c8,false
71812,Shanta Galvan,4828dcfd-6055-415c-b05f-033ea038bcf0,false
27916,Thatch Quartermain,de88f159-e09a-4137-b095-6f93b61ab630,false
16083,Liesa Pantling,331f6264-ca50-4ae9-996a-ba95c9cf2462,true
89231,Cayla Dresse,daf0d7f0-decb-44f8-bb5a-b42e69269f7f,true
66874,Ugo Fernez,d3a29c83-01eb-4ade-92dd-50bbefe70782,true
85483,Enrica Kirmond,9be0df12-bb8b-4c5b-b8fa-71e7e77b3c4c,true
43108,Red Trayling,419c67e7-15f8-4f0a-ac77-ef892c1cc10f,false
23864,Etienne Ramelet,96f66bbb-bed7-4d77-b208-0cc740d46113,false
68764,Vicky Gerish,ba5000a9-4807-4feb-b991-26d0469f32c5,false
63398,Lottie Goodbourn,730c4feb-9e23-4d76-9014-c526041bf17a,false
75134,Hilton Garvin,d9ea352b-eff7-41b2-a60c-9ae42260ee9a,true
54116,Lev Leas,41d75877-d482-4af2-92ba-f4c71bdc9619,false
88189,Leonidas Banasevich,3f0d9caa-89ed-4baf-865d-8e82eda047f7,true
58011,Joleen Yearron,094d78c8-5961-489d-ba48-c65e9805f905,true
88822,Marleen Murray,ec6f4a1e-1617-4872-b5a9-542fe37f9f3f,false
10749,Linn Labro,016dc423-3195-4b7a-a073-621c3ac87201,true
24312,Jaclyn McTerry,a914b08b-d6bb-433d-966e-4398634e0f1b,false
11570,Agretha Iacoboni,82d637b8-deb7-486e-b6e3-9f7a4e866ac8,true
63930,Susi Rosoman,e3005fce-5b8f-44d0-9d7d-51088833016c,true
77526,Abra MacLaren,5a0ae0b5-88b5-4314-94ef-5801e72b37d0,false
276,Demetrius O'Shiels,0f7bbcf9-9ee1-4e32-8672-f41ddb7a1aac,true
87132,Bogey Baiyle,eeb195c3-0932-412e-8e71-9ed6fa58792d,true
26088,Dorthea Hamman,5c80cc0e-eb84-480d-8777-8ea8adbc34ba,true
39396,Marsha Cheers,d61ebccb-76e3-4741-858d-e308368a1918,false
51409,Welch Kiddye,4f0d748d-6a82-419f-94c3-d185a83f329c,true
83880,Franklin Claypool,eb648682-a01b-40c5-83a0-775dfc6d6508,true
90088,Stinky Gill,400152ef-5787-4ed7-8bac-fe836f86b1cb,false
4893,Ferdinande Sharland,d5ef51a3-20b3-4008-a881-aa53fe506917,false
89492,Rica Bovey,72a2d363-bc87-42cf-a540-751805235d4d,false
49106,Berky Brabban,930aa065-1e9f-49cd-a531-43f0e1c830c3,true
35993,Deeyn Marcum,db5e66a7-958f-4f54-bbd0-555a2683aa1a,true
53987,Kristal Cobbin,318533d8-4166-408b-abb5-59cba2430ba9,true
51527,Karoly Pilipyak,dae6ba8f-09a0-4b8a-8ea7-17251b43e863,false
58029,Gifford Uttermare,60af250f-a209-470a-a6a7-7a5f06197201,false
36595,Cynthea Moores,fae78814-e572-4e46-a967-e2b0aed9fd61,true
19971,Damaris Danaher,25622141-e56e-4b71-b7d6-fd048d4bc321,true
91179,Nevin Rolls,85baad4f-3a4b-4a5f-830f-3084eb8de604,false
30295,Feodora Golthorpp,8445a28d-8b63-460a-b3b4-76e4d8914499,true
17500,Nerti Lockney,6c7a91a7-f838-48d8-9ab8-9b4ec97f31f1,true
40493,Ezri Leason,a774cfa3-4dae-409f-ac1b-6a047f799296,true
61644,Andres Conkey,fd020adf-9dc5-4ac4-9513-cb9fd213486a,false
71077,Agna MacGeffen,5452937a-c93c-46d4-93ac-9171ee1d4e71,true
27581,Delila Prall,521af868-18d8-4013-86ea-68eb4d645864,false
51465,Uriel Do Rosario,d7cafe0d-d710-48d2-9600-ad202bde56f9,false
71248,Kaylee Wolfenden,7b1e6015-7d6b-434a-9f12-bb136e6c3665,false
41771,Loutitia Ingree,88ae16d4-c140-44cb-9865-708e0c23fcaf,true
17309,Yettie Gohier,5d5063b2-51ca-4291-aa52-795c96c2ecbf,true
419,Halie Flowers,fcb156f2-0592-4465-97a4-7ac8e03bf9b0,false
35844,Carlee Streeter,a501adbd-4182-4751-8614-b5a03dbe2fa8,true
95404,Brien Rudolf,6c93a500-50ee-4868-bb25-caa49b955cae,true
68159,Craggie Gonzalez,2ed0d438-74d0-4d21-8246-48234011ca22,true
41281,Ryann Peres,602839d2-a476-40c5-a56f-8d29fc567a3d,false
99173,Ellie Gingles,d7c8139b-65af-4e75-9fd2-a425afc4226e,true
41595,Ulla Paquet,1f97c7a2-4d24-446f-b099-888af0f203d0,false
4429,Ian Stout,fe64f371-d63e-442c-95cd-9f69bb4ba15e,true
67967,Monti Causbey,ba351a68-fced-471a-be9a-28db8eb0fca3,true
89064,Margarethe Tomaszewski,d3153fe9-8eca-4c25-a4ef-7766fccc31ed,false
96025,Kaitlynn Eakin,96081784-66ed-4027-8092-3737c7394e69,true
41788,Bertha Millington,bf004845-7fed-4d9c-9923-f296098c5eee,true
85725,Flori McLae,ed7602d3-6fb1-48d2-a0f6-24810dbc6324,true
13639,Mischa Vedyaev,5a2cb4eb-7ccd-434b-ac11-e6428e50d926,true
24871,Meir Blackledge,8a0e396a-0176-432b-b2ab-6fed028dda68,true
12431,Vaughan Bunson,1c047c83-d09c-4cff-8cd1-a6e44b1c2a27,true
10714,Kermie Kibbe,013fc351-4f92-4989-a4bb-e5e9cf820c16,false
76281,Cinnamon Cavnor,85d5d827-5646-456c-9582-99e642429b35,true
28218,Branden Goley,1ed4267b-b819-4b18-bb82-9c81fa193dd5,false
10330,Rab Aynsley,f96102af-12ec-4a48-91c3-c8e5b175ad94,false
78221,Jolyn Chezelle,a025e78f-ce3e-49a6-9868-87ccd96ebbd7,false
981,Tiff Skewis,e4fabfa5-d71b-4aba-9134-25d5a49738c3,true
69144,Averil Paxforde,42d69d18-c266-481a-aa75-b12cde2295c5,true
6920,Minny Abramamovh,a1a48a61-eedc-4945-bf7b-af9aa38944c8,true
33867,Phylys Dymocke,407df645-5486-4d58-9a4f-9a42c0e28fb8,true
15629,Parry Pollington,543db46e-c8c8-4a2c-8aa6-ab449a57a2e8,true
13816,Elwira McCosh,d2ebe3ee-fd3b-45c9-b535-7c574d8d3bac,true
66641,Aldis Nannini,95b5857e-c90b-4d4d-aabd-f8566af27f49,false
32196,Galen Gilbody,1393682e-c09d-4d5b-a25f-0fd76201aec1,false
95445,Octavia Eddington,4d20004e-8394-43e4-acb4-74e9526e05b1,true
20036,Morgan Reidshaw,f862493e-39a4-41f0-9c2d-d994b1e5d84c,true
64397,Nick Press,fb65dbc7-bb26-4979-88d9-22ca3f0b62cf,true
68688,Kin Realff,c8cee2c5-8f77-4041-97dd-35a30107c489,false
96382,Calli Blenkin,6486f59a-0c8b-480a-982f-5d5cb5a5b522,false
69890,Constantine Livezley,84ef8971-6c2d-4e64-8501-5ed899836cac,false
54781,Bobby Thackeray,11a089f0-c748-4346-b030-33c343a4610e,true
71002,Clayborn Tabart,6f3affe5-2d72-4187-8335-1b253335d76a,true
1747,Mari Sibthorp,26d01a1e-90b5-4c18-a7fe-ace73f990069,false
947,Gunilla Cordery,93996a1a-52f2-42c2-961d-cbb170845618,false
72132,Daisie McMurty,592616b8-3bea-4f4c-8528-b079c212001d,true
22494,Dulci Beese,ff14ba7a-ad2d-4fbe-80b0-5cfbf1fbe771,true
80618,Kincaid Gyves,04850c08-8cea-499c-ad87-a78673805d8c,false
41964,Dewitt Livett,f77427fc-93d1-4e96-8e93-a9d8b3a84752,true
4379,Abey Shawe,348c345c-c94e-4597-8a93-8055381b7307,false
14303,Mirilla Darrigone,6f0bf7a4-0f72-4dbe-98da-d041e5cbbe09,false
16851,Griz Fountian,6d054b9e-bc68-4d34-8f45-b49db337f34a,false
5121,Isiahi Cakebread,6916c3ce-2dd0-46c8-9ae6-2e62bdb3982b,true
55918,Cody Barge,87233b3d-075c-4e47-8091-b0e8b713b6ba,false
42194,Stavro Chaudhry,9d7d7003-ecf9-45b1-be24-de26e4e003ce,false
79725,Robinet Passler,e34b39a9-a93f-4ec9-8fda-f81642652475,false
2594,Sibilla Carvill,7549fd34-26c6-4e9f-b9a6-af1d0e02a8da,true
54926,Desmond Grassick,65ef11fc-3211-4771-b3a4-b5f1dddbb8fe,false
29343,Pennie McEntegart,17290e2b-ba81-4a9b-b298-a2b8746f32fa,true
90424,Robena Oxenham,aca6b43f-cdac-4453-970e-30499eced9f8,false
82540,Thor Ingree,163b47fc-5b71-45ec-b96b-d5015786c787,true
80426,Jennie Noweak,3100b88e-07f2-4e9b-9692-d86c34a2388d,true
42452,Aeriell Lockton,f7e5965e-63a1-4549-b879-e40e814c0da8,true
26151,Roobbie Iveagh,8fc7655f-5f32-46b5-8c36-5350a87d2906,true
8359,Joli Postins,c72dfe2c-3d33-4bfe-a7c8-e298829431a2,false
47747,Dael Henzer,4c2a7171-e33c-4f82-b78e-3e6c9a08bf95,true
10563,Heloise Chaperlin,72932ee2-018b-4a1c-acb0-d2cbc708303d,false
18481,Lambert Manuello,b7866126-edda-43f9-b361-2437fe0a9d6c,true
20839,Betsy Bayless,d3104d6a-2125-4c74-89ea-0c4820b912a6,true
39265,Myrlene MacMaykin,315cef9c-bff0-4ecf-b3d3-dce7a6990e57,true
54212,Ephraim Forte,88b365d5-c386-4e4e-981a-b1b0b88b1c10,true
15554,Cynthie Selland,078b4fac-76a1-46c2-86e8-7c81b9ec638d,true
50380,Dannie Brettell,6bc1f1c4-78ae-45f3-b908-b92d0c3d96d4,true
29540,Cly Deacon,7578a283-44c2-45fe-b92d-3020773db7e1,true
54072,Addy Cheltnam,67d04452-eadd-4343-82f0-6673907d996e,false
33990,Barrett Barry,df36780a-7aaf-49cc-aee5-0e82909d4d01,true
23204,Troy Abramovic,449609e5-10fd-48af-8e7f-b9dd026a6941,true
8718,Ax Erickson,e1bf53b9-46d5-4fe7-bbd9-dfa08fb90aed,false
27542,Fae Insole,3a8e135b-83f4-4232-bfba-18686357cad1,true
16521,Emlynne Graddell,ab018a81-efd7-417e-a36d-7a8a7bf6cb3f,false
12070,Gerri Chavey,bc956839-ee88-4622-8e90-a9a2566a5d90,true
58059,Trix Eminson,9ed0214d-3218-4323-96b4-2e39e12c0219,true
58852,Myrta Robilart,da6e270d-4b80-495d-9d90-2fb9e7bfee0e,true
55041,Danice Bugdell,1a7c6455-76d6-4059-93c8-bac1b0cf2bcc,false
54080,Kelby Birdfield,228f3aa1-2919-496f-ad55-6f194b9be0ee,false
92742,Moshe Arnald,28a61c46-dc5f-4c31-b0e1-13f5fe5f0e8a,false
90743,Darice Wortley,bfb9762d-b498-4bcf-b0b5-69704b028b55,false
54395,Patsy De Nisco,e836d2a7-f57c-413d-a034-ac412d8ac13c,true
60881,Stinky Parnby,1f503eaf-616f-4adb-8a49-7dd3a4289475,true
38200,Anthea Colquitt,092c8e64-b765-40a2-bde6-9a5da65bf5e2,false
2866,Marcile Longridge,3276d9a3-db4a-4a03-829d-2d30db886330,false
97051,Jo-anne Rainton,795bcf7e-538c-4b69-89f8-6abd579c1060,true
6024,Addia Whitter,5edc5a4b-2241-4257-bff2-126a4d988c66,false
73114,Maxine Fairbridge,fda76c08-f703-4bcf-bccc-8a71ed2696f0,false
34569,Geri Kingsnoad,1c414483-71d4-4ae4-bb7a-0e917c6bf481,false
96847,Christabel Oakly,a6de1c93-d855-4f7b-9e14-4230c5db14d0,true
6714,Aguste Leaton,6beb22e6-0e08-4703-8481-3c9855e07372,true
14777,Marcile Hendriks,5c06f855-fd4b-4580-8f2b-d71a5df24de5,true
28805,Gerald Reville,fa9ad7f2-44be-4245-afce-1557b6b8ff9b,false
57385,Panchito Paulin,29de88e5-740b-4653-9115-a6a25f1c8e96,true
1283,Kettie Ivanshintsev,dbcbcc5b-56eb-447e-a961-fde78b7fd5b8,false
18038,Terri Rzehorz,37938076-a59b-4539-9e35-875503bcb77d,false
69137,Kala Jorio,26177489-2e7b-456d-b74f-32de6706ae72,true
40150,Yasmin Karczinski,63784dc3-9649-4f68-9904-5f2df8133a56,false
55849,Pam MacCauley,481b528e-7c5d-4d02-9abc-e2a555b3b8be,false
45705,Pail Ledson,52557684-f149-4a81-8843-61a66fb76519,false
32250,Thaxter Pursey,6e4cc693-52f9-40cb-9ef5-9faf144fe5fb,true
47575,Emeline Sercombe,cdf3b433-b77e-4042-9dfe-0b2d911c4370,false
71949,Johny Robillart,b6f92ec6-ce3a-4d6b-8a62-08435bd9d9c5,true
76046,Lesya Porker,0b5bfb44-e5ea-4631-96dc-32d1dbf144dc,true
34556,Sile Fudger,d6a703c2-4221-468d-8d1e-a4fde87cca7e,false
56201,Antony Cranham,f993128e-4325-41d4-a218-bccea77862b0,true
65759,Locke Georges,88979adc-e9d8-4220-8598-8eae61d1261d,false
5736,Elmer Cready,f7b73536-815b-4696-9b50-5f3f08c6ec67,true
91699,Dorette Trafford,aa73d9e8-f4d8-4928-8296-8317030f51dc,true
33570,Germain Tinkham,231f8a38-b224-488e-814c-b6d428699c67,false
63793,Valentina Ditter,5475f6c7-c530-4328-99b1-12e2c19f2f5c,false
7019,Mirna Leatherborrow,ee30cbdc-1e7a-48fd-8d56-223211b066e8,true
5078,Reyna Paradise,b6c193bf-72bb-43d3-ae25-89b9d8c70651,true
54743,Arther Creasy,3087a03d-c79b-4932-b2a7-1458d961010e,false
89530,Stacee Hallan,ab8c90d0-338f-480a-bcb5-82fed61e8aa5,true
98011,Cosetta Rabier,7e60509a-25b3-46dd-904a-6582f1e960df,true
77144,Collen Beresfore,3b30aea5-854d-4b93-ad4d-6f46017e3f40,true
45953,Mareah Handford,4bc2fb9e-c958-4ade-80a7-e70ecf929fb6,true
51296,Christiano Miell,da893066-e7c7-46e2-ac59-abdb477798df,true
30570,Othella Nock,c928bd3f-f5df-489c-8a8d-ce00c698e1e1,true
73854,Berti Bannerman,c18bda7b-d7a7-436b-a45f-b189cda4434a,true
61415,Dede MacCorley,888ff049-cf06-4fc2-abb1-d02a192cc895,false
93247,Jamie Vaughan,25933967-1088-4820-9c56-9380079137ef,false
53380,Cloris Hulls,8eac052e-4717-487a-8a41-fc134e66493f,true
53919,Andie Foch,2c8dbdb0-80b9-474e-aa82-21d7baba519a,false
89771,Abagail Becconsall,58be22de-3c82-4f73-8b9a-bc6797862275,false
59560,Farlie Athowe,fc207485-2947-4db2-b285-c73cf56b948e,true
94619,Netti Wastell,6495b07f-07af-42a3-9448-2a30add9b9d7,false
25167,Zak Brownsword,f2cdad23-6e83-41f1-8c30-84601fe079fa,true
12239,Kristy Cray,bff3d1db-5c3a-437a-a1e3-3718f6ece6ec,false
34705,Callean Cullrford,a0932c83-5d36-4684-89fb-6553c24c2f5d,true
90930,Enrichetta Iremonger,07d4d44f-5694-4461-aef9-1432aa4c64e1,false
31561,Dew Garrad,e54571d6-a49c-404e-9264-126567ecd779,false
47894,Jaye Teaz,68228282-1400-4a7c-bb67-bfdd131052dd,false
12895,Brenn Vondruska,dc6c5839-6d51-464f-9a79-ace5848d2cc7,false
12756,Mavis Ripley,9d122508-dce5-4c2a-92fd-e6a5c43e07c7,false
3664,Jeffry Blakeborough,f6ed7d81-a5b6-4cc5-b755-f0c2cb798b2f,true
46745,Ola Reddy,ce439a9b-5d5d-4c02-8422-cdc09c2ca44a,false
73411,Lurlene Dunnan,a81dd203-0ae0-4e50-a784-e77b9e3ad256,false
15901,Ricki Deeprose,a671a9b9-01a0-423f-96ac-009d7b5bb7ab,false
42677,Erin Ions,24ecd4af-baeb-4fe4-bbe4-e6bc525afcc5,false
97727,Devin Redmond,c9060e21-80c7-4504-8029-b10ea28d8d4f,false
2243,Byram Pedlingham,7dc82539-4b27-499a-b2d6-3d2d387d44a6,true
37099,Alexia Adaway,aa2b455a-0707-4b68-8f39-757f04718c86,false
98445,Artemis Albertson,218488e1-2353-471b-aeb5-e1f05698fa2f,false
30401,Arnuad Ponde,8df95bff-3623-4a86-a5f5-1c439f47413b,false
39143,Quincy Selcraig,68359dd0-7311-4f26-bb7f-c74e7c058105,true
14542,Port D'Arrigo,1b80d72b-b297-4fc3-bea2-1fc3e6e4432d,true
64389,Bondy Zorzini,0a05d9d9-2d9c-4f68-8bf7-639859c67f89,false
21903,Godfrey Dalby,a517ffc6-c39d-408c-89eb-460b4df1852b,false
33155,Di McVaugh,71f78780-b002-473f-b301-92bdf02c3a43,false
67241,Trstram O'Sharkey,89fffc38-8a04-4084-b157-8182017d2260,true
62434,Tamra Applegarth,ce36fee7-6b9e-4e8e-ad18-48f0f4ff637c,false
56877,Neely Atcherley,b3843dca-fc92-4591-8ebf-281daf92f1ab,true
36549,Rolfe Pearn,472edba8-d88f-4b70-a6e5-a10d1198798c,true
40010,Isabella Quiddington,bf4d19e4-40c1-41de-88d3-6cdc37c19ace,false
69078,Kaine Pendrill,e8c583ab-1c99-4d7c-a47f-e2edaddf965a,true
33648,Rhett Knill,54e9538c-b2ed-430e-9fb8-95707b24ce6a,true
54110,Forest Nana,5795521b-3269-4498-ace3-6dd2fd28dd15,true
42129,Caleb Domaschke,b5b86ed3-4f39-4106-8594-679292d6f85e,true
28025,Dwight Dallaghan,2a1aa8cf-e87b-4dfa-b8dd-b4debe4d1279,true
73415,Evin Swinburn,406b872c-afdc-4107-93fe-bab75ba36402,true
37725,Sampson Gudd,b83cb4e5-980c-4532-b467-b35a9f4bdc91,false
47570,Lia Bachman,098eb2e2-a729-4448-b9e6-3a89d2433d9a,true
58590,Wright Keeling,93dc7351-a7df-4afb-95dc-ac83accdc855,true
69379,Beaufort Nunan,4003e349-8784-40c8-905e-339e39875784,false
78414,Welbie Caizley,a83430c9-e52a-4f8b-a608-a6f0bee62dfc,false
9116,Sonny Rohlfing,30deb200-16f5-4231-9f70-abf4330fed38,false
36008,Kelby Scarlan,e26cc2c9-d399-438f-9d22-26e998bb55f2,false
75487,Jacquenetta Varley,37049690-5b87-4228-b0dd-4a8712a0f761,false
52488,Park Maxwaile,aab490a2-e5b8-4916-a6f2-04655c01c805,false
58519,Burch Gringley,2c6faac6-9708-4c0e-b5a7-3e4697e42552,true
19117,Lula Peplow,e7e86dcb-933b-4ac2-b9ae-6e763c652c78,false
40298,Mozes Godball,a4d7cbcf-dc4b-48c1-ba0c-9533aedb5dfd,true
92092,Rebecca Pentlow,e4dd18e8-be5d-42bc-9b04-63c9fb402244,false
83777,Kara-lynn Sedgebeer,3bd8124a-d366-45ad-8f71-cc4a5300d9cf,false
95421,Leupold Prewett,015e324d-3e3a-4b9d-9826-fda0cd81e3ff,false
43608,Darwin Barriball,37bbdefa-ed9d-4fbc-af8c-0e496b6f738d,true
71234,Dorothy Allsobrook,27c588ec-ebc0-488b-8d92-f3d7a1245cc1,true
23243,Aldric Priestley,3c6fe662-ab59-40df-874e-fc775c437a8b,true
63155,Kristyn Hibling,33648e04-37cb-4d63-a9e1-e494aa5b6369,false
67558,Jodee Malthus,bf871728-5a91-4307-8046-0fc15b89acf3,false
73867,Orazio Delos,55e28ab9-b97d-451b-957d-ad9dd6efc8e2,true
98961,Gwendolen Shayler,086793ff-44fd-46f9-847e-54b55cabf512,true
16429,Arluene Okenden,42fe2b04-6178-44ee-86db-3c61255894cb,false
47168,Deeanne Hellens,981f57ca-766d-4f95-8903-a08beb46b6d6,false
77562,Mort Messum,385bf2a8-ea95-4c04-b033-cc31c9b7734b,true
13261,Aurthur Hazelton,06d13541-f31b-4e77-b583-974be0c8dfeb,true
13515,Glenn Beams,4124e360-6124-4b81-801c-5d4f76a031c6,false
11663,Craig Gennrich,3e150416-a8b2-4ef2-a833-3b5aa75e22d9,false
2227,Ambrosio Blabber,49a9dd98-eba0-4310-916a-e74d1f73e403,true
54339,Timofei Zeal,b8f898c7-df3c-404d-a9bd-2ee3eaa09348,true
43730,Wilden Josipovic,1d18c650-4a2a-490d-b556-edfdc9eaf0b3,true
56855,Giulia Emer,4509a126-31b4-4d78-9698-86637ab000e3,false
37681,Ham Ferson,b2951f4d-43f0-4786-9847-062245ecfcd4,true
52716,Barbe McCandie,69259e0f-2370-4b21-ab56-1a99ff749646,true
25385,Westley Josefson,c51e7eb1-75f8-423c-8a39-9d85e9861821,false
92075,Jordain Titmus,0429ab63-5484-412d-aebc-55be81cdbec8,false
16502,Boyce Tillett,ff9134be-9c57-4a46-841a-abc8eeca54f3,false
13417,Jammal Danigel,38aeded9-0682-4e37-ba85-8e31298a21ac,true
22005,Lefty Gosforth,97e3e6c8-55f7-4662-b8b7-66fe7579ca3b,true
59208,Ofilia Gaunson,abd81343-341e-4bac-b655-a5d1c8a7d8ef,false
89817,Jodee Sappson,3431f794-e6cd-4d01-90cd-47ad1dbf5f18,true
52003,Averil Pendrid,6dc394fd-3dc6-48ad-ac89-fe84776ec906,true
343,Deni Filisov,ffc8282e-0613-4970-a77c-30b4e0156f44,true
47350,Boycie De Gregorio,dac8f7f2-26d4-4442-a567-0f1176182ae0,true
92926,Dolf Beall,583eb98c-53bc-40c8-af1d-f154a282b91b,false
17394,Charley Dunkley,b5fedcf8-23ed-47ec-aa53-72d0d6b0dfef,false
72814,Gale Guiver,ca863509-0a29-448e-8ba9-3978cf7c3a7b,true
46180,Buffy Coverdill,b6901d0a-6bf6-4a22-8f4f-e5e46462ad59,false
66117,Edy Dymick,26a221de-86d9-4793-8c56-b9dd1d5cac16,true
51263,Suzanne Starzaker,e9c673f2-f3a3-45ec-8894-fdb5b8cacba7,false
88625,Milena Kirsche,ec1bed00-af31-47ec-b6f5-a4900dc726d4,false
62755,Shay Wehden,955ee174-c5b4-4aac-8139-1091c0a51060,false
67126,Prudy Spehr,a81132f8-5c13-41ad-9652-bc7fa066ced7,false
82530,Perry Held,08fc9630-95de-4a27-a288-213bc5c86eec,false
79838,Charisse Archanbault,53795811-f0b0-4c9e-9834-173d6d5d9802,false
44280,Ortensia Iacobini,f4953796-6321-4a59-a46b-c5a93e55c900,false
44092,Felic Phillipp,ee853ad0-cbb9-4670-8e19-5aec36601ff3,true
35318,Wendie Tallquist,00dc7ca3-cecf-464b-9f1a-dda34d205bf2,true
83722,Daren Joutapaitis,804183af-280c-449a-b333-3c7f3bf150b2,true
5285,Alon Olliver,eff16a07-be87-4f59-8e89-49faa07ab973,true
67519,Aristotle Rival,8737e665-ab23-4305-8d0f-ff6de8b16d26,false
15398,Worden Spenton,962e0696-144c-45d6-a0e3-6a6549d595c4,true
12627,Guntar Fortun,80099562-7ff4-4ecd-bd84-3aa4fa74beba,true
63593,Nellie Duell,d1f0d414-d1c4-4b49-b080-fabc99c641f3,false
88558,Kelcy Parke,5b258b86-7acd-4ccc-8ad1-7285881de704,true
84736,Zacharias Ivanisov,39c26c87-196c-4da5-9d49-6ea5cc9ffd69,false
72410,Hyacinth Bromehed,c455b8ba-7cc7-48af-a823-61f6d7424bca,true
42122,Carr Siviour,8a2ac315-beb8-492e-b5bf-5becc2ebdefb,true
28198,Aundrea Inkin,cee71072-cb6f-4a7e-b275-2eab45b754bc,false
19166,Anny Broadway,565762ab-89b6-41c5-be2a-0e5e43719bec,false
73700,Cass Beardon,99feaf18-82e4-4c73-8670-41e8df241e20,true
56410,Michaela McIlvenny,1d05ef47-f4a5-4b60-a8b6-0d8d71ab79af,true
66618,Niels Couvert,d8fcca1e-59f7-4370-81e1-d9916cfa98f9,false
84730,Katrine Gledhill,c00ffe93-d7ec-4183-90e5-1fdf0930f00b,false
92630,Jed Flory,e634fec1-cc79-46d6-9b17-a03e93709a86,false
56413,Hillyer Allworthy,1a2ed049-e045-4d8e-874e-a406fe037616,false
17664,Jamie Heritege,13d1f80f-175f-4122-ae0c-28b069ba6bb4,false
8029,Anett Fabb,73db6307-6c1f-4564-8074-99ccb8633f35,true
8535,Brandice Mico,3bc17296-9f7b-49f2-9e18-0842dc3b253a,true
79932,Karel Fonteyne,9f70831d-4f59-48ee-a866-837eedf89905,false
12018,Fania Snelson,a7c43993-8b28-4a92-8770-2265cf6cafe6,false
69285,Mendie Iannetti,a8f554ef-1071-4037-ac5e-de395311bf71,false
37333,Vittoria Mushrow,1699f770-ea32-4483-aee7-c39d775c1b97,false
95500,Madelina Whodcoat,8d338c7f-02f8-40e4-92c4-df4dc4c28789,true
4414,Fae Kimberley,c812c95a-46f0-4454-849d-c75fdde90390,false
90240,Tobin Jobb,bef34fb4-551a-4959-b69a-bd8d375d14be,false
70800,Chrystal Keilloh,c7b3bbd1-351f-47b0-9817-3b49f58bf168,false
17296,Tony Lemon,4ae217b0-ad82-4fa4-ad5f-722157cac3c3,false
70507,Hillary Teesdale,2bc4ea64-cf1e-47c9-89fa-f0aa096361a8,false
8846,Nisse Stoneman,cacc98ba-848f-48cc-84a8-357a8c5bfa06,true
42993,Palmer Thay,a05f45e2-2e9f-433f-b81f-4cd32603313a,false
9624,Camile MacKonochie,c226683d-511b-476e-8482-93526167c993,true
54133,Fredericka Rogan,d0a9622c-29e2-4a2c-b197-a8362d1e3c7f,true
38839,Lenora Grinsdale,a9970114-9e5c-4335-a70a-310f6f2f63ca,false
16599,Meredith Maguire,27741e38-33c5-4ed3-8ef4-90e84cb616a9,true
17211,Nappy Arnold,7e5774ec-8776-4091-bda1-0e19f30e747b,false
29804,Dacy Simmans,6eeea7af-c54b-4b90-9e6a-7e713d715826,false
97622,Craig Warrington,ba5edaeb-889a-4fe9-a484-4d2fca969b96,false
95855,Saidee D'Agostini,fcbb4165-a583-46e6-8d45-e17028644f61,true
42666,Berty Mallabon,cfcba6ef-245a-4da8-abb5-85daf32e8b7c,true
50512,Lamar Giovani,3e27f258-48a0-4636-b99e-0e1000dd3a20,false
31883,Margot Cohr,b0d4eb01-2bc6-4bc1-941a-231b4b06d172,true
70470,Robbyn McRill,aaad93e3-04a0-4574-ab2b-0c0b8922da0d,true
7961,Westleigh Petit,87d8711b-30ec-4a34-b48e-dea8d9379cb6,true
33684,Rand Summerfield,049048fb-2eab-4c16-9a0a-b16ed16a6dc2,false
48486,Amalea Jerrand,b1347a5b-81a4-45fe-86a1-ecc22463e7f9,false
60489,Leighton Dowley,b8591f6c-67d1-4fa1-9e68-766d7b8d21dc,false
30920,Samuele Fiddian,00c7b9b0-572d-4ff8-84f6-b1aa9d46ab6f,false
86483,Goldie Shawel,aa51442a-c8ea-4449-b0a6-bc16933a5669,false
33558,Pammie Culligan,731eee07-1888-491b-b940-a4d14ff02276,true
81348,Pepita Hartas,0f08e8e3-9620-4d54-af9c-765cb788cf5c,true
75310,Rasla Collier,45a1c2b1-094c-4b08-bfcb-490a739c3fe9,false
132,Reamonn Samme,fc64b2a1-064c-4a88-a36e-4b09ee4129a2,false
70746,Netta Hargerie,3fba8cd3-09d0-4ddd-9858-e85c7b7c8bb7,false
59161,Louie Langford,3b69011c-8a7d-43b6-8e43-380ba13d7df9,true
57594,Gerri Clausen-Thue,d86324dd-1db8-47ed-8bc5-efae42ffd9f0,false
66643,Rita Reyne,8cd8b4ea-286f-4c61-aa7b-122c1d055807,false
25791,Codee Tamas,46a0a223-dea5-41bf-9f87-fccf472c657d,false
50622,Clarie Gallifont,78383b17-8c7f-444b-90fd-5c48ef901ff9,false
30207,Hyatt Tedstone,fe783a72-9477-4bb9-83b6-dc8bb8ae95d6,true
35492,Ruben Girdler,de3efd97-8e0c-4981-aa5a-e7a4ea669620,true
34175,Brantley Sharratt,736aefd1-52fc-475b-b4b6-8fc88be47e7e,true
57945,Moses Deeson,c60a4589-96f9-4f8e-88c2-b8d4dc82fa7e,true
37574,Egan Sinney,a7b43619-29b4-42f2-96fa-f4c3afce690b,false
8232,Sherilyn Van Cassel,e4da7c74-2561-4d6f-87a1-a709b6d69cfd,true
89517,Harlan Taffrey,6e266bc8-85bc-45ee-8741-2b94cd087a8d,true
96512,Kassey Polino,258649dd-67a4-477b-86d0-22351389c29d,false
22096,Dario McCrystal,f23d9d87-f7ca-43f1-8c53-28cae8d6f426,false
52386,Aurie Horrod,d04c4c0d-e543-4674-814a-1f86985d3565,true
62824,Rosemonde Rowett,a3cfbec3-f5da-46dc-aded-592c1e5c12c0,true
46876,Cad Geffcock,10f1182d-07bc-44c3-a85a-400ae81cb517,false
32229,Allsun Perrinchief,a69417f9-b809-4b28-b5a7-99ede86e6f30,false
67226,Breanne Truter,432d4cb9-b555-4330-aac1-21bec07612b5,false
95633,Cindra Baseke,e7bed2e1-ca93-4a71-82e1-4d48629c07ac,true
52235,Tiffie Keemar,ee319113-edbc-4553-a378-d83aaf12c40e,true
9005,Sal Beedle,aaa31389-0c6b-48a4-bded-f56cdac4d4b9,false
34752,Jaquelin Abrahm,cbb3e1c1-d008-4120-b98a-95d78894f610,false
88760,Trumaine Gooble,e2d31dff-1855-4dea-90a7-f98e75f63925,false
33835,Laurie Dell Casa,d803a0e2-4b20-415b-a14e-653af1089f02,true
78732,Inger Brockman,278d4402-dae8-458d-8652-b4347d35fec0,false
63503,Kat Eddisford,e74dc017-0f27-4c0c-a9b3-fd6e85d58490,false
49349,Phyllys Hanley,d8193dd5-7010-4503-9d5b-04bee2f88ff7,true
50400,Bellanca Ponnsett,d4a2081a-eb66-4377-ab23-6d9462082797,true
42624,Trstram Brehault,0cb56175-f8bc-41e4-9000-bf34421144d0,false
88096,Wallis Bolley,a2072754-c02b-402a-b382-f95192c1fa9a,false
44150,Hyacinthie Common,a298225b-0ff7-4a6a-9824-8d556cf702cc,true
27901,Nadia Deetch,12c31e64-939c-47bb-b588-b7eda5720ec1,false
55405,Basil Pane,90df7a8b-6724-43a2-b2d7-c5c2ef8d0036,true
3345,Nanon Girardoni,fa48efd8-5fb2-43fa-8057-a4022e143313,false
34771,Orin Dearl,46787f86-1305-4fdb-a273-4d6c1edd8cbe,true
59735,Jefferson Vondruska,5938f1a5-6228-437c-a199-ad1c78bd69b5,true
43595,Pebrook O'Sharry,a6dc5103-be87-434b-9285-69346a0bdb8e,true
85850,Regan O'Hartigan,fa6bd3a3-2c67-4098-8855-696b8396ec68,true
41381,Annadiane Jermin,2ac0eb58-e28a-4525-9ee2-e359cb1dcd34,true
33215,Consalve Proback,72b132ad-67c0-4c02-a426-e986b5cc3f24,false
47981,Traver Liveley,7a382317-2254-4eb8-97f5-5a8c17eb0839,true
25426,Willey Vatcher,dcc598ba-473a-4c6d-9f9a-919d27a2d186,false
15131,Norri Thomke,ca93947e-7018-4ad9-9d4e-56c20c736408,false
11805,Ariana Lockless,a09af82e-a0af-4789-aa16-fd0954f7f328,false
8653,Emeline Langeley,f992505c-566f-4a04-a4a3-87e999c9bb53,false
94889,Sarette De'Ath,cbffffbb-10a3-4491-8cb5-a90547c08658,false
87030,Spike Schiell,2c601373-3aeb-4112-b91d-95d0ed6c5516,true
67681,Beatrice Chirm,20766681-53a4-4061-ac72-937cbb4cc139,false
56368,Glenda MacCaughey,30e08e36-195f-4864-a49e-d33d317855a9,true
2278,Muriel Ashcroft,948fbdbf-495c-4e11-836c-cd4d1cdf2ac4,false
66627,Polly Cushion,0982c823-6c56-4e78-9213-bd62d3414657,true
17658,Amanda Kitney,e4161f43-4fcf-4d57-a1d1-d3c7aefb43e2,false
99863,Cynthea Daughton,a185ba83-d10c-4f5a-8dd0-a53fd7cb5455,true
41351,Conrade Klulik,5d2fce9c-e775-40ae-b129-d3b0291f82eb,true
95038,Sada Telling,65cb79bc-5248-49cc-982d-b5cce76b2a45,false
65182,Tuckie Filimore,37a123c3-22c1-43a4-87f0-a3f246574425,true
92023,Cary Hadlee,d98a75ec-523a-424f-a8cb-34cc1f52fe60,false
84717,Zak Lambrecht,0625b4b8-a1f2-4580-9f96-a88d89af3991,true
88279,Toddy Palethorpe,b8d5f839-b916-4acd-abae-1f2fd384999b,false
54506,Brittany Frances,9df2f369-a495-4efd-8721-0b6090e563ec,true
68598,Wildon Ruggles,0b6fe040-abaa-4213-8414-445e1892e7b5,true
13080,Eugenius McGibbon,cb3a3f79-6981-4b54-b258-a520228c04d1,false
21056,Anny Crucetti,e70a0701-de71-47c4-bed6-dd835537eef3,false
89736,Con Gaskell,d3fb5971-b453-4ede-a1eb-1064e39263cd,true
70465,Ainslie Sarfati,6c44a6f8-4cb7-4956-8978-d9683f6dea8c,false
52866,Daren Arnaldy,5117c7f9-2afd-45ec-863a-8959215bfeef,true
42540,Nelie Ditchfield,0cd140d6-83a3-43b3-b825-042714161b6c,true
98291,Anjela McLaren,94314d0e-6dbf-468a-a79a-fdf1670ce585,false
79636,Gearard Leathart,bfd6d5de-f6d4-4e5f-aa05-58e7189d8545,true
68468,Feodor Rapson,fe7a7104-36fb-458a-96d1-ede483d41799,true
4042,Franny Drable,66b02311-210c-47ba-9037-e5e2546b234e,false
41027,Dasha Janovsky,062b3cd6-5997-45d9-915d-ebfb76a5bd44,true
31481,Price Thompson,f769d9f7-1fa1-41c4-8e78-bf6a022282f7,false
4710,Ford Sketch,42fafce0-e1b6-49ea-89f0-f36ca9c9b2aa,false
23391,Klemens Cheine,25db9927-2704-4a12-91b5-32484fd2a9bf,true
80111,Teodorico Wadge,8336cde4-6a5f-484b-b91f-bad134448f2e,true
68703,Myrwyn Orable,93541b4b-3502-4c2d-b0b0-373964eb3ba2,true
7811,Thaddeus Astlatt,3079438d-30cc-4c1a-8856-ba1cd5aa032c,true
84641,Marlena Glenton,de24a92b-c2ae-447c-9b7c-2ade8bc5f36e,false
13942,Sherye Hegley,f569354f-a7e0-40dc-a10e-788f1ba2be10,true
20892,Lolita Benyon,34c382e6-f227-433c-ba8c-e5b27f60f121,false
18126,Malanie McGookin,e298336a-c892-4d7e-9d88-74f1ee7c1060,true
17990,Calvin Tointon,2db16096-3dbe-4699-ae51-3f959e3fb2bd,false
71424,Netty De Nisco,e7188c0c-3a05-43e1-abeb-16aab570e20d,true
87399,Jemimah Morrilly,b0b22c75-6c3a-4a3d-87ac-c3bedf54502f,false
71063,Barnabas Frances,2affbdf2-ad7a-4b67-a7a3-67e428b4dfd4,false
57319,Teador Priddie,ef1e08c8-8141-47b6-aa60-b4cfabaab16d,true
39905,Kim Giffard,f2ac2ffd-310a-458d-8a8e-b0ad1e44a7ff,true
7695,Rriocard Geleman,95a616bb-8367-41bb-91a5-364d433f0767,false
99586,Gennifer Denisovo,2056ec74-fbc3-4cbf-9622-b6c1771b1b8b,true
27027,Georgine Prisk,79ba53a3-765e-4a28-8664-768ddaf422b7,true
30130,Luelle Robins,ce4142fb-109a-4363-b221-088227ac2345,true
74510,Lynnet Grewar,d38b6716-9bb0-4853-a0c3-5598cf02770b,false
72728,Issy Haggarty,fd2f4f34-30b6-4c9e-ad31-af1671e3515f,false
23720,Marti MacIlhagga,93d22de6-6ebb-4287-be89-36d281f48ad9,true
66012,Kaela Beardall,efda8657-47a5-49e1-b66f-0f49d326abb6,false
29529,Bernadene Burrows,7cb1cc55-e5dc-4b6c-aa5d-4d92107f35c8,true
48141,Harrison Pluvier,eaabb767-c0ce-417a-860d-823db3687efb,false
75841,Mata Harkess,33817081-87d6-4193-8078-3621e1e12684,false
3157,Moyna Sandry,f6df4138-dcec-41b1-a627-f82f18826f72,false
93546,Carmela Bradnocke,13242e41-a72b-4ba4-8a31-514da6028931,true
17807,Desmond Richardon,fc344545-d68c-4481-a06a-4b95720fe9f9,true
91637,Brodie Eastway,113c07ae-c92b-40ac-a662-79ca7f6d7104,true
95827,Tan Myles,7b7ef7bc-924a-4160-b704-e2e1a8a8fad8,false
86627,Elene Langlois,1c8ba43b-290a-4a08-a1db-d3642ae4c2c1,true
6467,Alisun Kitchingman,a103e942-cc9c-47c5-9b26-c61b72020ea0,true
1703,Brigida Elwyn,fdf5e280-d8d2-46d1-a047-2a6058ea5849,false
75136,Odelia Woolpert,bdc7698b-9881-456e-82ed-41e7ffc33e09,false
92469,Alvin Fawlkes,58910d1b-e31e-4c4d-bbc5-6e45a5798309,true
11383,Genia Gagg,c0157460-1d6e-4336-9a68-f987a7bca2df,true
54123,Gray Swaby,58146e76-f20b-451f-951e-b7297a8ec466,false
42856,Raphael Drinkhall,0cc38942-33e0-4754-93c4-7335225e821e,false
60229,Faye Dabling,b4545ca0-a49e-48dd-a697-6a78ed836eef,false
47545,Lethia Dumbelton,ba164f36-2442-40fb-a2ac-9d77f89c030b,true
52725,Nealson Houlton,4c0753b4-ba23-4e34-bb9e-e6ec51a1ef57,true
20577,Toddie Gribben,ddd4fdd2-9fa0-4675-8481-1bc82e5999d1,false
43747,Stephanie Odney,5907c020-9e3a-45f8-afee-8ccc913a13e7,true
6406,Ilyse Lennard,c41708d9-0b93-4bf9-ae2b-59baa51ab3a8,false
71021,Adrianne Webster,d0263498-c59f-4f99-9df3-1fb6304d129e,false
75710,Humfrid Deny,4ffca0fd-64e7-426a-821b-2bb5cc1d57ec,true
89333,Regine Hayhurst,3b2056d5-a295-45e4-a65d-b1afc0292c6b,true
55518,Carmen Youthead,7f98fc8c-49d7-41a0-86f0-afa51853c921,false
21048,Rowen Poxson,683b98c4-4538-438e-8247-6fb56138a1c3,true
12876,Roberta Pinckney,c5991df5-7544-41b4-8d21-58e60f29394a,true
5288,Ethelin Maffiotti,fe4c3d15-08a8-414b-85c0-6fe1c323daa1,true
27103,Jamesy Moloney,82b69e2a-37c6-421c-ba9f-4ff26c067c82,false
79495,Harmon Bastin,04626cba-fd52-4c0a-be14-3fbe5e962b6b,true
51688,Ira Dade,e711e383-37e1-4a6a-99e7-876d851753a1,false
1072,Thorpe Stenton,febe7df9-f7b2-4b32-a26a-2921c2bb53dc,false
64038,Emili Bendell,d2d3926b-1b3e-4688-a4e4-1a5ae81392b4,false
75460,Stavro Greatham,d893b22d-47c2-48e9-bfbd-18a7cbf61895,false
93170,Cort Coverlyn,8065c166-14ea-4d14-89a3-6a0f2f2f733e,true
53727,Bernette Murthwaite,052bc516-40e0-495d-9a2e-6b672d7af985,true
208,Adolphus Dowdeswell,903a1e29-1f7c-4bf5-a551-a1424fa454e8,false
85053,Alexi Hourigan,3b9e6bcb-bcf1-4806-886c-8ff552b6912b,true
66310,Rennie Dammarell,5fcf1c5e-360a-44d8-aab8-f3a6626ee0bd,false
75896,Cindie Rydings,a947173f-082d-4594-81a1-d9783c23b64c,true
39539,Corinne Beedom,27b9c979-098e-40d4-9a7a-8854e24557d9,false
34479,Anallise Hellewell,cb355c93-7518-43ab-bcc0-6e9fc8eef6b3,false
15601,Keefer Heasman,dc10fbec-e6ff-402e-95bf-a5468918ce89,true
74404,Felizio Maddocks,587a72a4-5cd7-4502-85b0-2164a0940aa4,true
76545,Ealasaid Levens,09fb6249-7082-45c6-a084-f449238779bb,true
15225,Ermengarde Edmons,d5bda6a6-e1ef-479f-9690-5dc92d5732bd,false
46359,Minny Ramas,77631e70-67ca-4a82-99c3-c1357210b44d,true
86620,Celia Gookey,54c92997-e02f-476e-b97f-cfe1bbe37533,true
53990,Bianca Ash,c1049789-40a5-401f-a72f-59c8f6cc76c6,true
34194,Phelia Teese,99823ddf-6aa4-4932-9b90-a02c9244a0bd,false
8418,Malinde O'Hare,d735749b-1715-4423-a5b0-fd6a136c7454,true
11038,Laure Morin,5b75b9fc-006d-4615-9d49-337d1d4b77c8,false
99634,Malynda Singyard,422df556-a286-4a82-b793-61343c30c42a,true
75776,Fanechka Matuszinski,ba8aee75-dad0-47a9-a14c-2ffcea5a470d,false
78477,Hubey Giovannoni,6dfa511a-5804-4ba6-94f3-fd4b01a48637,false
64703,Allister Brudenell,acc7282c-23fa-499b-8f36-abdc9bb90ec9,true
17694,Aaron Kendrew,4319550c-3618-4f7f-9eae-d7ff90f83f04,true
98146,Ainsley Vannoni,ec2cc65c-43c8-46dc-8d43-90e8d3248ddd,true
31796,Arne Walenta,92d71a5f-d979-4937-a3b4-b5d510c6419b,true
84686,Shelia Punshon,7707b315-14f0-455f-bb4e-f5bc4984d0af,false
96175,Filia Lillistone,c09279f2-63bb-4234-8a8d-95a29d717cb4,true
88138,Travus Karlik,2010c45b-232c-45f8-8c23-7e8f6ec5646c,true
97188,Karrah Chittleburgh,0d8f59a0-aff6-4b28-aa7d-3c34cb99e399,true
81105,Adolphus Phythian,b9e935cd-6aae-40d6-a4ff-b672523c7091,true
3344,Mabel Bourley,af554e90-0ba5-4145-8618-76eff0984a08,false
40230,Culley Bratty,99c207dc-aaf8-4352-8d7a-932f62b97607,true
36109,Mallory Kingsland,bd58b6ed-fbb6-4f8c-a588-7b407dc19060,false
82539,Den Dysert,d78fe7fb-b886-4b97-b992-ea10b17ca26b,false
93999,Katinka Corrie,71575de5-9471-4371-8fc3-fbacc22b389b,false
30806,Lemmy McEneny,af9a0f1b-aa4a-44ba-8694-111f65c3092a,true
68656,Wilhelm Ellyatt,d3f04175-b4ba-40ad-a33b-425a71deaf6e,false
2431,Ira Richemont,5fa837b8-4919-45f0-8059-8af4d720e231,false
79386,Yorker Cominetti,270b2317-b33f-4d1a-90f0-d9e190c3e8e3,true
32861,Nell Bothbie,bb8494ec-a667-4b30-908b-08de35b88025,true
99122,Darius Ashe,fab3922f-777f-4a1b-b994-54f6989cf9b8,false
79979,Elena Sidworth,a77fee0e-e110-498d-a26d-d31e0c505c8b,false
48817,Carolus Kenshole,5a454e0b-6e0f-466c-8460-b080d80a440a,false
83599,Yuri Bance,7ed62289-8724-4add-878f-eb9b5184224d,true
52047,Loralie Jaye,89e86e0c-395d-4e0c-91bd-860d936fee1f,true
94766,Mame Ruilton,36114045-e715-4332-877f-371e4e383281,true
44300,Fidelia Diemer,090b4209-0931-4b28-823d-83c567c8b9da,true
68095,Cristina Prall,922d58e6-5634-4674-a9ba-9d3bf4feb591,true
60321,Charin Penney,0de63967-aefa-45a2-801a-6ef43357d76c,false
14207,Kiersten Elcome,7ff66bfd-248e-4ffa-a167-953f16d38ba5,false
72360,Sheela Lightbourne,0635dc95-f4a8-4e8c-b76a-f78ff391af73,false
66526,Derek Hyndes,38cf9e67-9a26-4f3b-ac4b-2c69a443baef,false
52917,Court Epton,7bcee211-0f74-42fa-bfb9-80700fcb2ab1,false
20367,Mommy Sandwick,1cf282bd-6e15-4693-a302-57df93de4992,false
4798,Jacinthe Sproule,506e2afe-6480-42a3-993d-d93f6c05d93e,false
25661,Bronny Rallings,11805c12-2c71-4947-9f4c-40d4017bcb74,false
85794,Karylin Blaney,0e76fc3c-a8a8-44a9-9930-d7df8f381f13,false
73734,Niels Grimston,027615d3-47ba-43ea-8f92-70c4a3fca130,false
9666,Basia Beavon,e89690d5-d3f3-4117-8b9d-4f235ab80f63,true
61941,Caroline Tennison,494847ce-967c-4caf-8579-fbdc1cf50b08,false
49587,Silvan Aronin,c6a45799-bd3c-46f1-8ec1-a109a9a43b36,true
57306,Roxanne Dyster,a9166d32-484a-4455-97a3-768b30156bf5,true
65249,Mahala Blow,fccd1256-3eaa-4a99-8dc5-b71bb97cba34,false
72960,Robbert Wicklen,67165326-8082-46e3-b3e2-d42e33601fd5,false
46976,Emelia Hamilton,d8615306-39b8-4e10-b342-2aacd16f4021,true
59102,Elbertina Scanlin,e399623c-09ca-444e-9fda-cc69919dc406,false
2298,Umeko Bosche,eefc0769-f672-4cdf-af99-67d9988c4def,true
90716,Gayle Rowsell,640ef2bb-8516-4e6e-b8fc-896308980716,false
31162,Urbano Ewbach,4e78c002-c9cb-401a-b631-05afca48f3b8,false
13967,Turner Lucy,7a26333e-6b41-47ea-8cd8-327fa6d6a0ff,true
16756,Ibby Emby,f279d71e-a24f-4473-86f0-2016e14c1d5e,true
16394,Darcie Moakes,9d1bf99e-9d94-4a2f-b980-2859b604d1ff,true
45616,Catlin Trippick,7f37dc80-f5d0-474d-92ea-745da020d2c6,false
8682,Clovis Klimowicz,dfbd3afd-b57b-4c68-a874-394080a3921b,false
45031,Purcell Ebertz,df1e94ac-998b-4936-aac9-672d7a608910,true
80128,Helsa Grigoletti,46d348f2-2421-4c18-8a58-1d3e2cd2e8c3,false
34692,Tilda Greiser,d8b21331-b9b9-4d52-ba6c-37afcf808cb1,true
22392,Yanaton Hamer,8ec2231b-8130-4a6e-b0d6-4d68d35f8cec,false
6220,Monroe Mitten,f8d0430a-0223-4998-86a2-f5a52c51a21b,false
74772,Kristien Bantick,c8f27b21-a16a-439a-894f-79bd8d2a2331,true
700,Phedra Cundict,02bfc086-0668-40a5-8606-4bded54dff8f,true
21233,Andy Gammidge,5dd98d98-6756-4a45-974d-9d46c6ba05a5,false
89465,Bennie Gauson,1eedc726-4f7a-4c0d-8b8e-19026e1fc3d5,true
75771,Flinn Britner,63de58ab-4a9e-48ac-a577-96e723e96aba,true
12890,Lanie Oliffe,45d4c4f5-deb0-4c7c-b8cc-34fc78e5f74a,true
88476,Kirby Huskisson,3f7a0d39-67da-41ee-8049-0c8763efe533,false
98987,Merrel Frye,c0488cb6-d024-4f65-8274-bfce283ee9aa,false
13368,Doralynn Headford,bb2520a0-40aa-425a-ac4e-ba1e32e57712,true
15146,Marwin Ouldcott,e6e0a271-ede1-465b-b5ec-bfaca840385e,true
86931,Shelden Cordobes,e28500d2-7bd4-4ff5-bf33-00cf2c7c8bda,true
30907,Olivier Marzelo,4491a01f-54ff-41c8-a46b-7e8b51bdfbb5,true
72593,Tomi Bedells,b151a8a6-98ee-466d-9f83-78567ac174e6,true
66496,Rosalyn Scanterbury,0b51f122-5481-4898-a1d3-817b24143992,true
7161,Shirlene Fontelles,0bac76b5-757c-40c3-84c4-63097d968052,false
18591,Lorna Harmon,2b2f9710-fd06-4c3c-a28d-18d1f902c487,false
50883,Haleigh Parminter,09f841ed-1f38-4e67-8a0c-999389b89c5f,true
45739,Mariejeanne Corker,b69c7ab6-972b-4636-ab81-002ddb05d718,false
93679,Agata Drillingcourt,2d0d908a-310c-452f-ac68-82b888311628,true
55974,Darci Mellmoth,d94c6c6b-45de-4065-a921-905ecb2f91d4,true
82527,Bianca Harberer,3da1ca4d-657e-4536-9b0c-32731b49dde8,false
25488,Babara Errol,fae10c8f-a8c9-4f74-850e-9c371305ec00,true
41161,Ailee Skipperbottom,62a8471b-8084-42a6-a11d-ae4830bcc0c7,false
69145,Flore Ubsdell,88203a1b-32ac-43e9-a3d5-8bb573695cc1,true
49378,Geoff Jenkin,cad9eaa3-4cb0-4531-ba8e-fee952c48cb0,true
43347,Adolphus Jaquet,5d1e0d3d-62f2-4d8a-8940-3b76377feba2,true
19160,Adham East,bff7ba84-3b80-4620-8d54-82bf8137946b,false
99523,Tam Gatherell,3644f75f-f64f-4ff5-90ad-9c8a1e494c07,false
51512,Joann Conradie,f3296e77-1919-4def-a988-88408192cae3,true
11611,Lurlene Hackelton,9353070a-5de2-4fdf-9e6d-266bde1d7b4e,true
80385,Petunia Nutley,af55bb4b-8a7c-4089-aafd-e974c38337f0,false
93704,Barnett Patnelli,87453509-e7d0-4b73-ac76-90d0213f036d,false
63267,Cybil Drakeford,ec2f00b8-e132-4de3-86e6-b36dedce147d,true
12779,Tann Decker,bf13cfbe-18eb-4b82-94e9-132b64de448e,true
57584,Brose Shenfish,5ea59125-eb1f-46e8-a869-e0cfef0dfac4,false
34559,Rosalind Downage,d7246506-c00a-49bf-84b2-88a1c764e443,false
70557,Dennie Heys,ab21fcc8-8189-4b2f-8e57-dbe510e166ac,false
3457,Georgeanna Fedynski,4e1c8d5f-0df5-4d13-8c31-5314162bcc42,false
76474,Adelaide Primrose,3650ece3-35ea-4260-a4be-f9c2260593f8,false
6326,Josefina Foxten,87314ad9-deb7-4ad7-b5fc-9af64d1f15a1,true
13609,Gayle Kahn,eb1f0af2-fa4f-4fe2-bdae-5c50c6de570e,true
48060,Almeta Robel,77d118da-5604-4c1c-8470-4bac5ff0d336,false
17679,Geordie Pariss,08e20406-8128-445b-9105-75677d382318,true
85267,Nydia Skentelbury,af67850c-aae3-44b0-949e-b0221c89b1c0,false
34497,Cristal Nower,25d6797f-c06d-4a5a-912b-e7f4f6bbaf80,false
47105,Valdemar Hane,363bbdaa-fcb0-478e-9dff-ec565a1a5399,true
10576,Benedetto Cawse,490e9b01-c83a-4988-a9a3-f57d8b6d9b1a,true
58152,Tiertza Salmon,32a08c7d-ae98-4ee9-9756-e6ed67e20bd4,true
29414,Celeste Lorey,ec2df68d-b40b-4c9e-921d-d80883a710f4,false
97768,Eugenio Howroyd,9c3f9e06-ce32-4cec-aa8b-1403a038a2eb,true
45294,Burnaby Hillum,a21af51e-b9a9-4b00-88f1-4f22a1961157,false
36202,Normy Robberts,a665bd0d-cf03-4ae6-85e0-803c02ef38f7,true
6,Frederica Batkin,89b260e0-699e-4eb4-a783-02d9828f7e85,true
78697,Evvy Cheney,7cd63089-4096-41cf-984b-da4d0c3db0ba,true
54460,Hamlen Tomkins,71c80cee-0338-4dfe-97ac-6cd2f56c93a2,false
53810,Dinnie Boxer,3b907abf-136d-47c6-ab16-8541a557b646,true
72424,Franny Walworche,1964e73b-6936-4fad-babc-1d40dbb9e481,false
96780,Clim Footitt,cd2cbe9d-3558-43e9-8e9d-47acfa0fb9eb,false
4800,Marje Menauteau,730c6516-c9de-4dd8-bb7d-780eefd4e1ed,false
4058,Ronna Smallpeice,81414cdd-56d8-4d78-a81b-3f4e771a9b5e,false
83560,Ronnie Pettisall,99853b6b-fc05-474c-af88-af1c33f8969e,false
19566,Ada Tyre,d581e300-7f69-4e1f-b5d4-1bc924b7a7d1,true
26425,Merell Ibarra,89c7b78b-1616-4925-898a-667fa29d1fb0,false
33764,Alicia Deniset,86bbad6a-8e86-4723-8027-99b77e330940,false
62985,Andrej O'Crowley,3b472728-b856-4ee9-a2c0-744b2d5258b5,false
67546,Xever Drogan,39a39fbe-e73f-4b07-a208-2feee3d56c53,true
70616,Berget Christmas,576dcd04-43c5-4d66-b4cf-a3e4443166c4,false
13001,Harrie Matyashev,87e23d06-617b-4837-92a7-b6ec3268bbf6,false
6896,Isak Gosswell,c80b59fd-f357-4b05-87d4-94f0ef3ce6ac,true
9669,Ruby Greenhalf,16165b24-fd13-49f8-811d-897f41d5a881,true
67117,Melinde Clissett,02985b08-d6f7-4c45-8e5f-a81cb92e582c,false
85612,Boothe Lappin,bf1fef53-b61e-4c19-8122-17e7cf760190,false
91811,Grete Basford,b89c0bb7-4889-43c5-a595-25757c795508,false
20407,Lawrence Garrettson,dfbdb2ec-457b-4c34-ac85-8674e4d999cb,false
3050,Irvine Speir,c64c86ae-5aa7-4148-88c9-faa56e961e7b,false
57356,Lynnea Alenikov,1d88f4d1-4de6-465e-9836-e164abbe1ccf,false
38628,Delphinia Mogie,8330b776-6bc5-4621-94a7-86d7cb385033,true
28115,Flor Rother,ab34fa51-000e-418c-893a-d065d24098ca,true
25127,Ferrel Youson,00558e63-d3e4-428e-8b5d-254fb4f90f8c,true
55088,Gabriello Macer,db17d047-d946-4499-97f6-1de633236a2c,false
62483,Timmy Emsley,dad00fb1-0685-4b9b-b47b-33dd7e66684d,false
23495,Roxi Davidde,8a6a213e-147b-4eef-b377-12a46016fc13,false
22693,Zacherie Ruit,af94d614-7fae-44d1-b6b7-64105d2e942e,true
67698,Elka MacNulty,5cbfafa1-fe31-4745-aa14-18f3667abd79,true
78872,Sherline Gater,0495952b-fa31-41dd-ba48-fa428a8bb4be,true
6645,Marie-jeanne Palley,b1e9fdb6-aec8-4f37-8295-b2c91c4061a9,false
11899,Tilda Milby,28229cdc-0b31-4f10-8a5d-c8316c245df2,true
28146,Margit Olennikov,76a0a8b9-2a30-402d-8d1a-68e4cc98e0d1,false
90229,Riobard Carlile,5da78dbc-2cbc-4847-8ddf-e543a87acad6,true
99819,Lynea Martensen,d24e7e76-3282-4ca1-83fe-a443614c09e8,false
54583,Bartel Porte,23edbc82-02d9-4ff0-99f6-21e77c61ceaa,true
34814,Laurie Reaveley,606cc8fb-c373-4fe4-854e-ec5ecd16c5d3,true
96273,Hally Walshaw,f273b215-35ad-43fb-9221-ed8b285d66e4,true
22788,Chevalier Kingett,b050e21e-5d2e-4773-aeb4-2472ce5657ee,true
70213,Deva Snipe,5310155c-70ea-4427-80ab-bdfd2d9cfdad,true
52658,Norry Rosenthaler,823bd0c8-9eab-4b58-bae2-12f2dcc474a4,true
19248,Becky Aronow,037c1dc3-7102-4852-809b-5f1d113de4aa,false
28771,Astra Dufour,831bbf69-983d-40d9-bdb6-ab0a96c479ac,true
45904,Linnea Witherspoon,d4ef41b4-a851-443e-9e19-45db35045d22,true
97823,Francis Sibray,997b5969-ad4b-4218-8543-c1c1e0c23128,false
62608,Kelsi Medforth,5c5b820e-8d72-46c0-85dc-259842538fff,true
55009,Stevana Redmile,5863227a-7c37-4b5b-af49-0e217dc36001,false
75664,Jeni Arrol,2bdc2001-ce0f-48d6-895e-4d79c3aa6152,true
5156,Michael Lloyd,1dc0e839-d152-4749-bac1-3846641de0f2,false
5398,Roseanna Yanshin,878171f7-683d-49fd-94e3-250d1c211cfc,false
64485,Hube Marie,9cc69298-f3ea-4693-bd98-f31a81e60cd2,true
75531,Reynolds Vergo,86071603-3a04-4b59-83e0-a38a2a9f75af,true
85897,Earle Bartels,011393b2-e985-4708-8b88-cd4b7d1bf58b,true
79237,Patten Sargant,d019a57d-9793-476c-84e0-dab3acfc95ed,true
19158,Franny Korb,db9832ff-5142-43f7-998b-6e1525392976,false
56920,Bendix Gresty,2a6f3ac8-f02f-46be-ab2a-0ae460393d42,true
69540,Julie Crimp,ee25d7ec-cbbb-4df7-9dcc-3af877bda4ea,true
30948,Fraser Danniell,a9752e42-7132-4fa9-8303-8fb51db866d4,true
72886,Adria Ricards,9f254d12-4cbd-42d9-b4eb-b74c9c6d8c92,false
94982,Roze Drakeley,a8110627-639a-44f3-96fa-704c3eece2ca,true
19392,Consalve Bonner,7b6aecef-8e5a-400d-93b8-2bf89ed03499,true
95699,Orly Leeman,9991ef57-637f-4017-8ef1-3d07c66a1a14,false
47303,Georgy McInnerny,e2abbf8e-7ae2-4319-95fd-a5e4b4125861,true
24460,Lanie Segebrecht,25a420db-237f-4c54-aef6-754cff736bcc,false
20078,Benedick Joska,e9dacb30-21e8-403b-8509-b51a1434dce8,false
82158,Bel Fullicks,dc3571dc-c58f-4e30-ab3b-faa4bc8bbe41,true
35907,Lock Mummery,7b2746c6-0a5b-4e52-a381-202016a2f99f,true
7488,Scarface Sharratt,93af7f3d-6825-467a-8b40-13ebbbf4bef4,false
91208,Jacklin Eddisford,e0a4219d-cd51-4b76-8f56-f6c7fdde549e,true
23633,Darcee Gowing,9294711a-b1c6-4ba9-817b-fb9f86ae4a8c,false
85274,Rollie Alabone,eb962e28-263c-4662-b43a-4598399c4e61,false
57206,Patton Truter,b4113175-00e4-4a01-b8ff-551cdbb3cb02,true
96941,Genni Exon,0485586e-2e84-4c9c-9b19-142147302770,true
69278,Otes Youll,e14b0d79-c80d-4440-beb3-99ee0257fdf9,true
7209,Meaghan Steggals,dfaa5386-1122-4593-8049-6d1efb8b3104,true
77678,Talya Anelay,96d178fc-eb8a-4f84-8832-1c539be71251,false
13898,Allyn Forrestall,9093b627-79cb-4ccd-8301-e177bf8fdef6,false
35542,Evonne Wyer,b8c090f0-e78e-4e4c-ac48-2d65cbb5ea76,true
53577,Iago Kaveney,3451dda6-7a20-4c20-a4b2-422deb1723df,true
16862,Dwain Shillaber,744f6e29-7aaf-40ea-88e0-afb60ba43196,false
76468,Sibbie Tissell,7bd99299-14b0-4e51-8853-c42869766bae,true
18277,Archer Alcott,30b6c653-60a0-40e5-8a98-bdd554cb0215,true
79309,Melloney Sibly,a79b41b0-b37c-42d9-9c39-fd43d200deb9,true
48874,Kelci Ridolfi,80c6e7a9-1bf8-420f-8654-4ba777f2e73f,true
60793,Steffie Matschoss,25ce8468-cc5b-482e-90a6-d10f55190b5b,true
900,Lorilyn Woolcocks,8f111500-6967-4a58-ac3d-a82062010692,true
62119,Davey Marzellano,2fbd967d-7653-4039-ac36-bf93d021bb9f,false
66979,Nickolai Showl,736fcb10-0358-49fc-851a-7f2271e1af75,true
29363,Ileana De Angelis,0c2f4372-e209-4d64-ab79-f13d05444da1,false
75575,Ring Battie,3f184e0b-9de3-4465-a132-583e81db10c9,false
58308,Christoper Swindell,a16d1070-6e31-445c-932c-20e35d5d0f75,false
55581,Jillayne Danielski,be97c382-3fa2-4191-bb0f-d4244cf97984,true
38734,Devina Van den Bosch,70ff9b02-41c2-4f06-9185-51078766dbb3,false
91822,Meryl Been,a4a1139a-98a1-40d4-b557-2c6af5bf0f13,true
52209,Suzette Abramamov,a78563c0-0a97-4928-b3e9-1def89d6fa4f,true
45552,Ayn Brennenstuhl,af939731-0f37-42e2-a19e-7f28f41eb412,false
58702,Catriona von Hagt,010e3824-631f-463a-a940-facaf17a9333,true
62890,Aurie Gallyhaock,999d87e0-8d43-4f56-9cca-b8fe85a08d1a,true
51657,Marianne Frail,4183b76a-da18-4505-8ad9-c6c0d7b70c2a,true
64256,Martainn Hudspeth,e7d0a287-64b9-40e5-be4a-0d001d11bd70,false
45682,Cesaro Middlemass,9e5875c6-b62b-4116-a7a3-70850c203d8b,false
99851,Ruthi Proby,0c3aeedd-0744-416e-b79e-cd9386931b40,true
15762,Inger Densun,d86fdbae-7b84-405c-ba4f-89db30349ba0,false
93321,Cacilia Lenden,2a50163f-73fc-486d-b6bd-e7615b946a1a,false
83791,Mischa Lapsley,d7b45b54-dd4d-4df5-b94d-27220c7206b5,true
47604,Hanni Bartelet,0b148a09-e68c-4b19-b9ec-5d488b969907,true
7593,Rosaline Manclark,b0e44c45-57b2-4c12-8272-6821536cdfa8,true
45039,Adele Shorten,0fef8591-da6e-4fa0-a5a7-a6172acb0f23,false
97248,Maud Ferrandez,45de6f54-1696-45f2-b6b0-b28b8ee67661,false
28046,Giovanna Hedgeman,0ac050be-bdc6-4040-8940-86e324de265b,true
36860,Florry Gudd,9250a9ae-f160-422a-8a2e-5f95993924dd,true
71824,Dionne Sellor,0fa7ded4-79f8-4517-bd3a-61aab18c34cc,false
85112,Jania Rushbrooke,898d140b-0608-4d06-8994-9be9d7a32243,false
91598,Livy Lovell,23339de7-25e3-4012-929d-e8b9d15fb92f,true
12148,Gherardo Dunabie,c2db8565-c615-45c3-9159-d5c0b8d4b72f,false
83284,Calhoun Belli,fc7a51d9-7f6c-4249-b031-c0a7c34aa2d3,true
87435,Fabe Jaqueminet,38c11892-a702-4e02-b872-d42ff4944313,true
89756,Ashla Ciobutaro,a8a660fa-6bc3-43ad-bd4e-c2ba38c144a1,true
17323,Micah La Batie,f581e2c0-63b1-48f7-acb0-1d41f8cbc6e9,false
34927,Lurette Rannie,c8ff119d-6b78-42d9-bb64-c6efb1e13c11,true
70808,Sebastian Meece,e1943979-c6e7-40a9-a61e-c55b710c57ef,true
68772,Claribel Andrew,6ef80fc7-375f-4e1c-815c-b87f61c6cb26,true
84435,Nigel Clewlowe,87c0c0ca-65e1-4d7b-bc19-19fdcc9e2a09,true
79054,Huntington Spours,90dcd3e9-a32b-4333-9b97-7f19317c47ce,true
14780,Maible Deely,426cbfa1-0600-4d34-bf3b-47ce0c513e9a,false
79072,Granger Goosnell,473533e5-c6cd-4692-b792-3851dedb0588,false
3584,Carri Poundford,2b699834-7640-4be7-a606-73200111e441,false
33326,Tiffani Yezafovich,e3abbd9a-8d95-4efe-b474-5e3fb89ff76d,false
23429,Georges Joseff,24cbf472-f8af-4706-b719-ae49136c71b5,true
95448,Korry Ticehurst,fe974ffd-af98-4324-873f-986dc6515ae1,true
3698,Yuma McClosh,b91adde4-2f4e-4c07-a370-e1716efc1810,false
57150,Gunner Keat,94b00ba5-e6d3-4f74-9f7b-ec29ecc98eff,true
47923,Kamillah Gleave,52fd3306-37b8-4429-85eb-48baf838a3e4,false
12678,Gratia Kinkaid,ce0f7280-a703-489f-9228-43ef9d723a70,true
85332,Sonnnie Frail,df885f30-61c5-4999-a890-c86e0cfcc46f,false
92930,Ashely Duiguid,f0689185-a79e-4340-a5ef-e086cc6295a4,false
75245,Gannon Torvey,a7c378b7-a3b9-4276-84f7-cd2a6bbf99fa,false
27555,Norton MacAfee,a96e5a4d-43ea-476f-bc4e-76bd0e3eb839,true
87978,Alvy Crozier,5e3781f1-a4fe-4a6c-baae-18686e73828f,true
84944,Neall Beare,7342c9f2-017f-49fb-abb1-ac3971d38f28,true
93183,Hewett Maxwell,8789b616-f18d-4c26-be6e-a8eb29ebff9f,true
23123,Catharina Curror,df96b5ee-131a-4a50-b10f-2605eac141a4,true
65954,Kale Murdy,90c1be9a-3cc1-4426-9353-bf998b22327b,false
25391,Fitz Wakefield,7a78c35d-922d-4770-a933-c68b5b60690b,true
70094,Ellary Cinderey,fc99e0b8-4212-45cb-a5d0-01de0b72cc02,true
95579,Hesther Plewman,77b3883d-f83c-4a87-b16c-c7aeb4c4c530,true
95180,Mackenzie Pizzey,a79d58fd-97b0-4c80-8f8c-9aa2bf360926,true
32737,Hew Durling,75b10478-6e83-481b-b62a-2253e3aab3e9,false
99239,Germana Berthel,345217ba-906f-4d8a-a45c-e3b06acdd3b6,false
24635,Matteo Cathee,e4917fae-1c6f-4225-b43c-29c13f60238e,true
31893,Ichabod Shayler,46b28ab2-fdff-4ed4-937c-420bd8bc4ca7,true
49150,Engracia Kabos,2206d641-bcda-49f5-bfa2-2e2017ba375f,false
95146,Dalston Ronca,6369f0c5-149d-41e5-a57e-cf271cf75681,true
88008,Zaneta De Ferrari,fb6f272a-a67b-4f64-b3d5-f98889c9eb03,false
70240,Brodie Falconer-Taylor,daae8364-2819-4492-b371-c1f5bb990b60,false
6627,Tanny Kagan,cb8501e1-18ff-4e33-830a-f89715939e52,true
1233,Candie Attyeo,fd9c36b4-aaff-4777-87fe-47135d9cefb1,true
42933,Bill Kilday,c317190b-9632-4e34-8cfa-b553967ee558,false
65183,Frank Landre,4c991c91-908c-42be-9b45-a262b7a0bfb3,false
34231,Chrysler Dovermann,7f1b8294-b21a-497e-9c53-93b41b0d9887,true
17929,Uta Tring,c107ab51-7fee-4797-8bb8-35ff7def028d,true
93109,Bettina Miguet,2a98f413-77cd-4677-88fe-1be099193593,false
63979,Siward McAndie,da1348d7-4b4a-4bb7-aaf7-102f038915e8,true
2427,Mikey Pehrsson,aba322df-b6cb-492e-a7e4-834a6849af30,false
22202,Stacee Barrington,397008a4-6e3a-4abc-bdf2-3bdccd02c682,true
87858,Hillyer Mc Gaughey,44ac0f77-755c-4f0f-8761-acd3ea1bc80b,false
65565,Idelle McFayden,ca7c44f3-b278-41c3-87b8-81dfb378f8e3,true
86094,Janek Begg,cd88c42c-01bc-4e11-a7aa-d3d88f7e055e,true
64469,Lilah Veart,9500a8be-3ae0-43db-a253-7729197d3ee0,false
52900,Arlinda Youel,1bf5e3ff-55f9-425c-bfc7-03194e23fcf9,false
34335,Jilleen Vasiliu,fe73a5c2-f41d-4a45-b020-3dacead2a528,true
18174,Taryn Dabney,236f6b3b-5ce1-40bf-9c79-92f74fa7453f,false
79901,Mark Mackney,2074586b-db67-4cba-bbf3-4e2c6eb0b520,false
58890,Abra Tangye,04193d4e-5af7-4591-ae32-863557e91b8f,true
96402,Myca Bullen,d7c2eaad-b9f0-4c66-b201-05a639b5f5b8,false
19891,Jerri Yushin,da73c026-3104-4da7-b0df-3ccde710bfb6,true
24339,Geoffrey Gurley,6860647b-acf3-4da9-86df-08e669959dd8,true
99230,Aldo Rosevear,7f059dde-a974-4ecf-ae76-c3e3fa822f72,true
64311,Delilah Benallack,197707e1-5ddf-44be-8e33-4b765a2baa47,false
59005,Cordi Lakes,35e724af-1fcb-41c9-9965-335b3ad6d91f,false
29930,Stella Edensor,fd7c17a9-f5ad-4eaf-92a7-8198a46e2d06,false
63842,Vernon Gergus,60f83751-4e2c-489a-8e4f-6afe508f535d,true
80769,Mort Landman,96c4f08b-b4d9-457f-bdb2-49aa6c97af24,false
9328,Olin Tarquini,08f278bb-e6b6-45bc-98e5-5169003caca7,true
95694,Danya Highwood,2cc6c9b5-5ddb-445c-9150-e1b0cb472e97,false
2868,Dalston Veschambre,7cb77647-0c3a-420b-97db-0ef4a37dd999,false
167,Arabelle Twinn,da38c12d-f3ae-4db2-8f4f-28b85b5019b8,false
73616,Vinni Lavender,03e554f1-917c-4ba3-a074-a70b72bf5689,false
58974,Florenza Hartman,59e402e8-e895-4323-8825-d0317fe266bd,true
79998,Sophey Cabrales,c35fea17-9caa-426d-9a65-208e7dabf17b,true
48260,Nelli Infantino,ef6b769a-753a-4201-b097-0b461f0c6ca8,true
69953,Byrle Tummons,0a8ee7b1-da9d-46ff-8f26-a6a8534741a2,false
93882,Ada Cullimore,8272f470-916a-4b5c-96b9-b98a66ee629f,false
31255,Octavia Earwaker,04d97f5f-9b64-4785-b0a4-7d25ce9c4d6f,true
73391,Lenna Blizard,d583a4d3-d26d-473f-84e2-be9eab6bc139,true
62888,Saunder Knivett,6143ceb4-7b6b-4160-b10f-41b7be071e37,true
38545,Marlee Christall,2d5dd40c-3b27-46a7-aa7c-3c43a20b68d7,false
60849,Swen Skells,1f70fcc4-e65a-447d-8097-07c6bad4feee,false
93989,Kathi Woodeson,728590ba-378c-432a-b11f-28286192cefe,true
55544,Krista Cottey,7bdcd46e-bdb9-49a7-ae3f-30f1090eec83,false
23008,Devan Gilliland,48d87861-d2a6-4b0b-91b0-d73959bf57ee,true
80190,Jacklyn Stanlike,dec865fc-d231-42d7-bc61-8c61fd37d52d,true
18205,Shandeigh Mityashin,29b7cba8-4561-4163-a1ca-97ae6a65d555,true
96719,Francisco Hulson,42333ef0-d1e4-4454-9fc8-d96eacf65a91,true
58500,Sada Dormer,110cf48d-35a5-4794-be00-9478b1fef6a2,true
38249,Randee Coat,38ec4674-6e0e-4490-bb59-c806e28f7bb1,true
63685,Webb Kent,a680135d-af91-4a60-9542-71c970b62ce1,true
33898,Tammie Moxon,93c2aa49-7474-4b96-89a9-7b7b3e9a13ae,false
77276,Phylis Yegorov,31b2a407-e573-4612-9427-5995157c56b7,false
92980,Merrielle Garrie,ec0fa86e-bd63-4cda-8435-7a23305810ac,true
51397,Sibelle Macauley,04de6cc4-e2c1-49d4-8fb4-11403e2ad3da,false
16657,Quint Easeman,990ca17b-236b-493e-be03-9ae691256c87,true
57809,Gerrilee Hankard,cf953d76-14f3-489a-bbf6-8804b23097df,false
64921,Alleyn Grimsdale,c28eeeec-80a6-4fef-8cf1-e5726df7d8a5,false
84940,Cobby Shorthill,0d9a1b9e-9b5d-43ea-b82b-6055376330b0,true
32685,Lynnette Bech,28733760-fd27-4980-aee3-5d514ba5ee20,true
